ticker,isin,name,currency,sector,country,exchange,lot_size,face_value,face_value_original,face_value_currency,price_buy,price_sell,price_last,price_close,price_pct,nkd,coupon_value,coupon_pct,coupon_period_days,coupon_qty_per_year,coupon_type,floating_coupon,next_coupon_date,maturity_date,date_to_client,total_yield,yield_to_maturity,yield_to_client,duration,rate,earnings_abs,earnings_rel,liquidity,is_low_liquid,tax_free,subordinated,perpetual,reliable,risk_category,qual_investor,is_tinkoff_bond,indexed_nominal,hist_price_1y,securitization
RU000A10AAQ4,RU000A10AAQ4,СФО Сплит Финанс 1 01,RUB,IT,Россия,Московская биржа,1,417.71,417.71,RUB,441.059989,440.182798,434.501942,434.126003,104.02,5.722627,8.87,25.0,31.0,12,Fixed,False,2026-06-29T00:00:00Z,2028-12-27T00:00:00+03:00,2028-12-27T00:00:00+03:00,24.03,12.48,12.48,0.3,2,0.375939,0.0009,True,False,False,False,False,True,0,False,False,False,440.642279,True
RU000A10F397,RU000A10F397,Кредитный поток 5.0,RUB,Financial,Россия,Московская биржа,1,1000.0,1000.0,RUB,1016.8,1016.3,1008.0,1008.9,100.8,8.8,31.12,16.0,71.0,12,Fixed,False,2026-08-06T00:00:00Z,2030-06-06T00:00:00+03:00,2030-06-06T00:00:00+03:00,15.87,16.41,16.41,1.18,2,0.8,0.0008,True,False,False,False,False,True,0,False,False,False,1008.0,True
RU000A10AV15,RU000A10AV15,ВИС ФИНАНС БО-П07,RUB,Financial,Россия,Московская биржа,1,1000.0,1000.0,RUB,1017.5,1017.4,1012.0,1013.6,101.2,5.5,20.75,25.25,30.0,12,Fixed,False,2026-07-08T00:00:00Z,2026-08-07T00:00:00+03:00,2026-08-07T00:00:00+03:00,24.95,17.98,17.98,0.14,2,-2.2,-0.0022,True,False,False,False,False,True,0,False,False,False,1058.6,False
RU000A10ENP1,RU000A10ENP1,СФО Альфа Фабрика ПК-3 класс А,RUB,Financial,Россия,Московская биржа,1,1000.0,1000.0,RUB,1031.9,1031.3,1004.2,1003.4,100.42,27.7,34.39,16.3,77.0,12,Fixed,False,2026-07-01T00:00:00Z,2032-10-01T00:00:00+03:00,2032-10-01T00:00:00+03:00,16.23,16.7,16.7,0.57,2,0.1,0.0001,True,False,False,False,False,True,0,False,False,False,1003.0,True
RU000A10A6J1,RU000A10A6J1,Томск 34009,RUB,Municipal,Россия,Московская биржа,1,500.0,500.0,RUB,526.0,525.1,522.55,523.0,104.51,2.5,11.04,26.0,31.0,12,Fixed,False,2026-07-10T00:00:00Z,2026-12-12T00:00:00+03:00,2026-12-12T00:00:00+03:00,24.88,14.89,14.89,0.37,2,-0.3,-0.0006,True,False,False,False,False,True,0,False,False,False,542.2,False
RU000A10B7T7,RU000A10B7T7,Кредитный поток 1.0,RUB,Other,Россия,Московская биржа,1,218.21,218.21,RUB,229.491457,228.836827,226.349233,226.567443,103.73,3.142224,4.63,25.0,31.0,12,Fixed,False,2026-06-26T00:00:00Z,2030-03-26T00:00:00+03:00,2030-03-26T00:00:00+03:00,24.1,7.28,7.28,0.21,2,0.130926,0.0006,True,False,False,False,False,True,0,False,False,False,227.483925,True
RU000A10AHE5,RU000A10AHE5,Новые Технологии 001Р-02,RUB,Materials,,Московская биржа,1,1000.0,1000.0,RUB,1084.2,1082.1,1064.0,1066.2,106.4,20.3,22.6,27.5,30.0,12,Fixed,False,2026-06-19T00:00:00Z,2026-12-16T00:00:00+03:00,2026-12-16T00:00:00+03:00,25.85,15.16,15.16,0.47,2,-2.3,-0.0022,True,False,False,False,False,True,0,False,False,False,1097.5,False
RU000A10EWA4,RU000A10EWA4,СФО ВТБ РКС Олимп A4,RUB,Financial,Россия,Московская биржа,1,1000.0,1000.0,RUB,1033.1,1031.3,1014.3,1017.8,101.43,17.0,24.21,15.5,57.0,12,Fixed,False,2026-07-03T00:00:00Z,2034-01-03T00:00:00+03:00,2034-01-03T00:00:00+03:00,15.28,15.38,15.38,1.29,2,0.8,0.0008,True,False,False,False,False,True,0,False,False,False,1004.8,True
RU000A10B461,RU000A10B461,Новосибирскавтодор БО-03,RUB,Other,Россия,Московская биржа,1,1000.0,1000.0,RUB,1044.1,1041.8,1040.8,1040.9,104.08,2.1,21.37,26.0,30.0,12,Fixed,False,2026-06-15T00:00:00Z,2028-03-04T00:00:00+03:00,2028-03-04T00:00:00+03:00,24.98,,25.71,1.41,1,-4.6,-0.0044,True,False,False,False,False,True,1,False,False,False,1040.3,False
RU000A10B313,RU000A10B313,Брусника 002Р-05,RUB,RealEstate,Россия,Московская биржа,1,1000.0,1000.0,RUB,1010.2,1009.7,1007.5,1008.8,100.75,2.7,20.34,24.75,30.0,12,Variable,False,2026-06-15T00:00:00Z,2028-03-03T00:00:00+03:00,2026-09-14T00:00:00Z,24.57,,23.87,0.24,1,-1.1,-0.0011,True,False,False,False,False,True,1,False,False,False,998.0,False
RU000A10B0R6,RU000A10B0R6,Кокс 001P-02,RUB,Materials,Россия,Московская биржа,1,1000.0,1000.0,RUB,1019.4,1016.8,1005.1,1007.3,100.51,11.9,20.96,25.5,30.0,12,Variable,False,2026-06-29T00:00:00Z,2028-02-19T00:00:00+03:00,2026-09-02T00:00:00Z,25.37,,25.62,0.21,1,-2.7,-0.0027,True,False,False,False,False,True,1,False,False,False,1022.0,False
RU000A10BAP4,RU000A10BAP4,Эталон-Финанс 002Р-03,RUB,RealEstate,Россия,Московская биржа,1,1000.0,1000.0,RUB,1045.3,1044.1,1036.3,1035.8,103.63,7.7,20.96,25.5,30.0,12,Fixed,False,2026-07-06T00:00:00Z,2027-04-01T00:00:00+03:00,2027-04-01T00:00:00+03:00,24.61,22.53,22.53,0.72,1,-1.5,-0.0014,True,False,False,False,False,True,1,False,False,False,1070.0,False
RU000A10BFX7,RU000A10BFX7,ГК Самолет БО-П16,RUB,RealEstate,Россия,Московская биржа,1,1000.0,1000.0,RUB,1035.5,1034.7,1034.7,1029.7,103.47,0.0,20.96,25.5,30.0,12,Fixed,False,2026-06-16T00:00:00Z,2028-04-06T00:00:00+03:00,2028-04-06T00:00:00+03:00,24.64,25.76,25.76,1.47,1,-4.8,-0.0046,True,False,False,False,False,True,1,False,False,False,1069.9,False
RU000A10AS28,RU000A10AS28,Биннофарм Групп 001Р-04,RUB,HealthCare,,Московская биржа,1,1000.0,1000.0,RUB,1020.5,1019.5,1010.4,1008.5,101.04,10.5,20.96,25.5,30.0,12,Variable,False,2026-07-01T00:00:00Z,2028-01-22T00:00:00+03:00,2026-08-05T00:00:00Z,25.24,,19.27,0.13,1,1.7,0.0017,True,False,False,False,False,True,1,False,False,False,1053.2,False
RU000A10ASE2,RU000A10ASE2,РОЛЬФ БО 001Р-07,RUB,Consumer,,Московская биржа,1,1000.0,1000.0,RUB,1063.0,1060.8,1049.0,1050.0,104.9,15.0,21.37,26.0,30.0,12,Fixed,False,2026-06-25T00:00:00Z,2027-01-21T00:00:00+03:00,2027-01-21T00:00:00+03:00,24.79,18.79,18.79,0.56,1,0.9,0.0009,True,False,False,False,False,True,1,False,False,False,1022.8,False
RU000A10BM56,RU000A10BM56,АПРИ БО-002Р-10,RUB,RealEstate,,Московская биржа,1,1000.0,1000.0,RUB,1017.9,1015.7,1018.0,1016.5,101.8,0.0,25.07,30.5,30.0,12,Variable,False,2026-06-16T00:00:00Z,2030-04-26T00:00:00+03:00,2026-08-28T00:00:00Z,29.96,,23.46,0.2,1,0.0,0.0,True,False,False,False,False,True,1,False,False,False,1001.0,False
RU000A10ATR2,RU000A10ATR2,Глоракс 001P-03,RUB,RealEstate,,Московская биржа,1,1000.0,1000.0,RUB,1084.1,1081.9,1069.7,1069.6,106.97,11.5,23.01,28.0,30.0,12,Fixed,False,2026-07-01T00:00:00Z,2027-01-27T00:00:00+03:00,2027-01-27T00:00:00+03:00,26.18,17.27,17.27,0.57,1,2.1,0.002,True,False,False,False,False,True,1,False,False,False,1066.5,False
RU000A10BFP3,RU000A10BFP3,МВ Финанс 001Р-06,RUB,Consumer,Россия,Московская биржа,1,1000.0,1000.0,RUB,1063.1,1060.7,1060.0,1058.7,106.0,0.7,21.37,26.0,30.0,12,Fixed,False,2026-06-15T00:00:00Z,2027-04-11T00:00:00+03:00,2027-04-11T00:00:00+03:00,24.53,19.64,19.64,0.75,1,-2.5,-0.0024,True,False,False,False,False,True,1,False,False,False,1036.2,False
RU000A10B8X7,RU000A10B8X7,ДАРС-Девелопмент 001Р-03,RUB,RealEstate,Россия,Московская биржа,1,1000.0,1000.0,RUB,1022.7,1021.9,1012.7,1011.5,101.27,10.0,21.37,26.0,30.0,12,Fixed,False,2026-07-02T00:00:00Z,2026-09-30T00:00:00+03:00,2026-09-30T00:00:00+03:00,25.67,23.68,23.68,0.28,1,-0.3,-0.0003,True,False,False,False,False,True,1,False,False,False,999.0,False
RU000A10ADD6,RU000A10ADD6,НСКАТД БО-02,RUB,Other,Россия,Московская биржа,1,1000.0,1000.0,RUB,1064.0,1063.1,1056.8,1068.0,105.68,4.0,23.84,29.0,30.0,12,Variable,False,2026-07-13T00:00:00Z,2027-12-03T00:00:00+03:00,2026-12-11T00:00:00Z,27.44,,18.15,0.46,1,-2.7,-0.0025,True,False,False,False,False,True,1,False,False,False,1067.0,False
RU000A10BP87,RU000A10BP87,ПИР БО-03-001P,RUB,Industrials,,Московская биржа,1,1000.0,1000.0,RUB,1070.7,1069.1,1050.1,1048.3,105.01,20.6,24.66,30.0,30.0,12,Fixed,False,2026-06-22T00:00:00Z,2028-05-11T00:00:00+03:00,2028-05-11T00:00:00+03:00,28.57,28.43,28.43,1.05,1,-0.4,-0.0004,True,False,False,False,False,True,1,False,False,False,1003.5,False
RU000A108405,RU000A108405,Хромос Инжиниринг БО-01,RUB,Other,Россия,Московская биржа,1,1000.0,1000.0,RUB,1024.0,1022.2,1022.2,1025.4,102.22,0.0,24.25,29.5,30.0,12,Variable,False,2026-06-16T00:00:00Z,2028-03-07T00:00:00+03:00,2026-09-23T00:00:00Z,28.86,,23.18,0.26,1,-2.3,-0.0022,True,False,False,False,False,True,1,False,False,False,1023.8,False
RU000A10AUG3,RU000A10AUG3,АПРИ БО-002Р-07,RUB,RealEstate,Россия,Московская биржа,1,1000.0,1000.0,RUB,1025.0,1023.3,1016.0,1017.0,101.6,7.3,24.25,29.5,30.0,12,Variable,False,2026-07-07T00:00:00Z,2030-01-17T00:00:00+03:00,2026-08-20T00:00:00Z,29.04,,22.29,0.18,1,-8.0,-0.0078,True,False,False,False,False,True,1,False,False,False,1014.9,False
RU000A10AZG2,RU000A10AZG2,КЛВЗ Кристалл 001P-02,RUB,Consumer,Россия,Московская биржа,1,1000.0,1000.0,RUB,1118.3,1114.3,1099.9,1090.0,109.99,18.4,23.01,28.0,30.0,12,Fixed,False,2026-06-22T00:00:00Z,2028-02-12T00:00:00+03:00,2028-02-12T00:00:00+03:00,25.46,20.93,20.93,1.09,1,1.9,0.0017,True,False,False,False,False,True,1,False,False,False,1072.9,False
RU000A10BQ03,RU000A10BQ03,Спектр БО-02,RUB,Other,Россия,Московская биржа,1,1000.0,1000.0,RUB,1078.6,1077.6,1061.0,1064.7,106.1,16.6,22.6,27.5,30.0,12,Fixed,False,2026-06-24T00:00:00Z,2027-05-20T00:00:00+03:00,2027-05-20T00:00:00+03:00,25.92,22.2,22.2,0.82,1,-5.9,-0.0055,True,False,False,False,False,True,1,False,False,False,1019.9,False
RU000A10C5P8,RU000A10C5P8,ПИР БО-04-001P,RUB,Industrials,Россия,Московская биржа,1,1000.0,1000.0,RUB,1062.8,1060.4,1038.4,1038.8,103.84,21.9,23.42,28.5,30.0,12,Fixed,False,2026-06-18T00:00:00Z,2028-07-07T00:00:00+03:00,2028-07-07T00:00:00+03:00,27.45,28.36,28.36,1.16,1,0.8,0.0008,True,False,False,False,False,True,1,False,False,False,983.0,False
RU000A10E6J7,RU000A10E6J7,Страна Девелопмент 002Р-02,RUB,RealEstate,Россия,Московская биржа,1,1000.0,1000.0,RUB,1042.9,1040.5,1028.2,1032.8,102.82,11.8,20.75,25.25,30.0,12,Fixed,False,2026-06-29T00:00:00Z,2027-07-24T00:00:00+03:00,2027-07-24T00:00:00+03:00,24.56,24.77,24.77,0.97,0,-3.4,-0.0033,True,False,False,False,False,False,2,False,False,False,1002.9,False
RU000A10DZH4,RU000A10DZH4,АПРИ БО-002Р-12,RUB,RealEstate,Россия,Московская биржа,1,1000.0,1000.0,RUB,1002.6,1002.3,987.4,990.7,98.74,15.1,20.55,25.0,30.0,12,Fixed,False,2026-06-24T00:00:00Z,2029-06-08T00:00:00+03:00,2029-06-08T00:00:00+03:00,25.32,28.92,28.92,1.9,0,-8.5,-0.0085,True,False,False,False,False,False,2,False,False,False,1023.5,False
RU000A10DPJ1,RU000A10DPJ1,Группа Продовольствие БО-02,RUB,Consumer,Россия,Московская биржа,1,1000.0,1000.0,RUB,1012.1,1009.5,1001.7,1001.0,100.17,10.3,20.55,25.0,30.0,12,Fixed,False,2026-07-01T00:00:00Z,2028-11-17T00:00:00+03:00,2028-11-17T00:00:00+03:00,24.96,,27.96,1.82,0,1.8,0.0018,True,False,False,False,False,False,2,False,False,False,1010.0,False
RU000A10DTP0,RU000A10DTP0,ПИР БО-05-001P,RUB,Industrials,Россия,Московская биржа,1,1000.0,1000.0,RUB,1024.7,1016.6,1020.0,1014.5,102.0,0.7,22.19,27.0,30.0,12,Fixed,False,2026-06-15T00:00:00Z,2027-12-07T00:00:00+03:00,2027-12-07T00:00:00+03:00,26.47,27.95,27.95,0.96,0,-5.8,-0.0057,True,False,False,False,False,False,2,False,False,False,973.6,False
RU000A10E6S8,RU000A10E6S8,ТД РКС 002Р-07,RUB,Consumer,Россия,Московская биржа,1,1000.0,1000.0,RUB,1044.3,1042.8,1035.0,1030.7,103.5,9.3,21.37,26.0,30.0,12,Fixed,False,2026-07-03T00:00:00Z,2029-01-18T00:00:00+03:00,2029-01-18T00:00:00+03:00,25.12,27.04,27.04,1.91,0,2.6,0.0025,True,False,False,False,False,False,2,False,False,False,981.8,False
RU000A10EL13,RU000A10EL13,ПЭТ ПЛАСТ 001Р-02,RUB,Other,Россия,Московская биржа,1,1000.0,1000.0,RUB,1037.7,1037.0,1036.3,1033.5,103.63,0.7,21.37,26.0,30.0,12,Fixed,False,2026-06-15T00:00:00Z,2029-03-01T00:00:00+03:00,2029-03-01T00:00:00+03:00,25.09,,26.7,1.73,0,0.6,0.0006,True,False,False,False,False,False,2,False,False,False,1029.8,False
RU000A10B7N0,RU000A10B7N0,Биовитрум 001Р-01,RUB,Other,Россия,Московская биржа,1,1000.0,1000.0,RUB,1115.8,1109.5,1094.2,1105.5,109.42,15.3,23.01,28.0,30.0,12,Fixed,False,2026-06-26T00:00:00Z,2028-03-17T00:00:00+03:00,2028-03-17T00:00:00+03:00,25.59,,23.75,1.41,0,7.2,0.0066,True,False,False,False,False,False,2,False,False,False,1086.6,False
RU000A10BNK8,RU000A10BNK8,Энергоника 001Р-06,RUB,Energy,Россия,Московская биржа,1,1000.0,1000.0,RUB,1057.1,1054.5,1033.0,1031.7,103.3,21.5,22.19,27.0,30.0,12,Fixed,False,2026-06-17T00:00:00Z,2030-04-27T00:00:00+03:00,2030-04-27T00:00:00+03:00,26.14,,28.24,1.75,0,-2.0,-0.0019,True,False,False,False,False,False,2,False,False,False,1025.0,False
RU000A10DG78,RU000A10DG78,ЛК АдвансТрак 001Р-01,RUB,Other,Россия,Московская биржа,1,1000.0,1000.0,RUB,1022.8,1020.6,1022.8,1020.7,102.28,0.0,20.55,25.0,30.0,12,Fixed,False,2026-06-16T00:00:00Z,2030-10-23T00:00:00+03:00,2030-10-23T00:00:00+03:00,24.44,,26.88,2.4,0,-0.3,-0.0003,True,False,False,False,False,False,2,False,False,False,1047.0,False
RU000A10EAQ6,RU000A10EAQ6,КРОНОС БО-01,RUB,Other,Россия,Московская биржа,1,1000.0,1000.0,RUB,1016.5,1014.5,995.0,992.5,99.5,21.5,22.19,27.0,30.0,12,Variable,False,2026-06-17T00:00:00Z,2029-02-01T00:00:00+03:00,2027-08-20T00:00:00Z,27.14,,31.25,1.0,0,0.0,0.0,True,False,False,False,False,False,2,False,False,False,1000.0,False
RU000A10A4C1,RU000A10A4C1,Энергоника 001Р-05,RUB,Energy,Россия,Московская биржа,1,800.0,800.0,RUB,849.28,842.72,848.08,845.52,106.01,1.2,18.41,28.0,30.0,12,Fixed,False,2026-06-15T00:00:00Z,2029-10-26T00:00:00+03:00,2029-10-26T00:00:00+03:00,26.41,26.59,26.59,1.44,0,2.08,0.0025,True,False,False,False,False,False,2,False,False,False,843.28,False
RU000A10EXG9,RU000A10EXG9,ПРОГРЕСС 001Р-01,RUB,Other,Россия,Московская биржа,1,1000.0,1000.0,RUB,1035.1,1032.4,1018.5,1018.0,101.85,17.1,20.55,25.0,30.0,12,Fixed,False,2026-06-22T00:00:00Z,2031-03-27T00:00:00+03:00,2031-03-27T00:00:00+03:00,24.55,,27.26,2.8,0,1.0,0.001,True,False,False,False,False,False,2,False,False,False,1014.8,False
RU000A10BYR0,RU000A10BYR0,Самокат БО-03,RUB,Other,Россия,Московская биржа,1,1000.0,1000.0,RUB,1062.5,1059.5,1049.2,1040.0,104.92,13.3,22.19,27.0,30.0,12,Fixed,False,2026-06-29T00:00:00Z,2028-06-17T00:00:00+03:00,2028-06-17T00:00:00+03:00,25.73,,26.68,1.56,0,8.2,0.0079,True,False,False,False,False,False,2,False,False,False,1000.7,False
RU000A107FG5,RU000A107FG5,Транс-Миссия БО-02,RUB,Consumer,Россия,Московская биржа,1,1000.0,1000.0,RUB,1100.5,1097.8,1093.9,1092.8,109.39,6.6,24.66,30.0,30.0,12,Variable,False,2026-07-08T00:00:00Z,2027-11-30T00:00:00+03:00,2027-11-30T00:00:00+03:00,27.42,23.65,23.65,1.07,0,0.4,0.0004,True,False,False,False,False,False,2,False,False,False,1075.7,False
RU000A10B6K8,RU000A10B6K8,Технология БО-02,RUB,Materials,Россия,Московская биржа,1,1000.0,1000.0,RUB,1080.4,1080.3,1060.3,1060.1,106.03,20.0,23.01,28.0,30.0,12,Fixed,False,2026-06-22T00:00:00Z,2028-03-11T00:00:00+03:00,2028-03-11T00:00:00+03:00,26.41,,26.49,1.38,0,-0.4,-0.0004,True,False,False,False,False,False,2,False,False,False,1045.6,False
RU000A10D4E4,RU000A10D4E4,Векус БО-01,RUB,,Россия,Московская биржа,1,1000.0,1000.0,RUB,1026.1,1024.2,1024.7,1024.0,102.47,1.5,22.19,27.0,30.0,12,Variable,False,2026-06-15T00:00:00Z,2028-10-01T00:00:00+03:00,2027-04-20T00:00:00Z,26.35,,26.51,0.76,0,1.4,0.0014,True,False,False,False,False,False,2,False,False,False,1000.0,False
RU000A10EPT8,RU000A10EPT8,ДиректЛизинг БО 002Р-06,RUB,Financial,Россия,Московская биржа,1,966.6,966.6,RUB,985.06206,982.64556,971.433,972.3996,100.5,13.62906,19.46,24.5,30.0,12,Fixed,False,2026-06-25T00:00:00Z,2031-03-01T00:00:00+03:00,2031-03-01T00:00:00+03:00,24.38,27.07,27.07,1.67,0,0.4833,0.0005,True,False,False,False,False,False,2,False,False,False,970.36974,False
RU000A10B2D2,RU000A10B2D2,Патриот Групп 001Р-01,RUB,Consumer,Россия,Московская биржа,1,1000.0,1000.0,RUB,1049.9,1049.8,1042.5,1040.7,104.25,7.4,22.19,27.0,30.0,12,Fixed,False,2026-07-06T00:00:00Z,2028-02-26T00:00:00+03:00,2028-02-26T00:00:00+03:00,25.9,,26.74,1.38,0,1.8,0.0017,True,False,False,False,False,False,2,False,False,False,1042.0,False
RU000A10BHX3,RU000A10BHX3,Сибирский КХП 001P-03,RUB,Other,Россия,Московская биржа,1,1000.0,1000.0,RUB,1039.1,1036.1,1023.0,1029.9,102.3,16.1,20.96,25.5,30.0,12,Fixed,False,2026-06-23T00:00:00Z,2029-04-08T00:00:00+03:00,2029-04-08T00:00:00+03:00,24.93,,26.49,1.3,0,0.9,0.0009,True,False,False,False,False,False,2,False,False,False,1001.0,False
RU000A10B735,RU000A10B735,МСБ-Лизинг 003P-04,RUB,Financial,Россия,Московская биржа,1,1000.0,1000.0,RUB,1029.2,1026.9,1010.5,1007.6,101.05,18.9,21.78,26.5,30.0,12,Variable,False,2026-06-22T00:00:00Z,2030-03-01T00:00:00+03:00,2026-09-23T00:00:00Z,26.22,,24.94,0.26,0,0.4,0.0004,True,False,False,False,False,False,2,False,False,False,1000.0,False
RU000A10D4S4,RU000A10D4S4,ПЭТ ПЛАСТ 001Р-01,RUB,Other,Россия,Московская биржа,1,1000.0,1000.0,RUB,1055.7,1052.9,1035.7,1032.5,103.57,20.0,21.37,26.0,30.0,12,Fixed,False,2026-06-18T00:00:00Z,2028-10-05T00:00:00+03:00,2028-10-05T00:00:00+03:00,25.1,26.33,26.33,1.46,0,-0.1,-0.0001,True,False,False,False,False,False,2,False,False,False,1017.3,False
RU000A10B5A1,RU000A10B5A1,Бианка Премиум БО-02,RUB,Other,Россия,Московская биржа,1,1000.0,1000.0,RUB,1102.7,1099.0,1081.3,1077.0,108.13,21.9,23.42,28.5,30.0,12,Fixed,False,2026-06-18T00:00:00Z,2028-03-09T00:00:00+03:00,2028-03-09T00:00:00+03:00,26.36,,25.31,1.38,0,-4.0,-0.0037,True,False,False,False,False,False,2,False,False,False,1034.2,False
RU000A10BUN7,RU000A10BUN7,ДиректЛизинг БО 002Р-05,RUB,Financial,Россия,Московская биржа,1,816.3,816.3,RUB,862.25769,858.25782,845.85006,846.33984,103.62,16.326,18.12,27.0,30.0,12,Fixed,False,2026-06-19T00:00:00Z,2030-05-29T00:00:00+03:00,2030-05-29T00:00:00+03:00,26.06,,27.46,1.44,0,-2.28564,-0.0027,True,False,False,False,False,False,2,False,False,False,810.5859,False
RU000A10B255,RU000A10B255,Михайловский Молочный Завод 001P-02,RUB,Consumer,Россия,Московская биржа,1,880.0,880.0,RUB,953.568,951.984,946.44,937.464,107.55,7.128,19.53,27.0,30.0,12,Fixed,False,2026-07-06T00:00:00Z,2029-02-19T00:00:00+03:00,2029-02-19T00:00:00+03:00,25.1,22.72,22.72,1.18,0,1.848,0.002,True,False,False,False,False,False,2,False,False,False,949.256,False
RU000A10AZN8,RU000A10AZN8,Органик Парк БО-П01,RUB,Other,Россия,Московская биржа,1,1000.0,1000.0,RUB,1164.1,1160.4,1145.8,1140.7,114.58,18.6,24.25,29.5,30.0,12,Fixed,False,2026-06-23T00:00:00Z,2028-02-13T00:00:00+03:00,2028-02-13T00:00:00+03:00,25.75,,20.98,1.34,0,1.2,0.001,True,False,False,False,False,False,2,False,False,False,1098.8,False
RU000A10B081,RU000A10B081,ЭкономЛизинг 001Р-08,RUB,Financial,Россия,Московская биржа,1,1000.0,1000.0,RUB,1097.3,1094.2,1083.0,1085.7,108.3,13.3,22.19,27.0,30.0,12,Fixed,False,2026-06-29T00:00:00Z,2028-02-18T00:00:00+03:00,2028-02-18T00:00:00+03:00,24.93,,23.24,1.36,0,0.1,0.0001,True,False,False,False,False,False,2,False,False,False,1060.0,False
RU000A10AHU1,RU000A10AHU1,Оил Ресурс 001P-01,RUB,Energy,Россия,Московская биржа,1,1000.0,1000.0,RUB,1049.0,1046.9,1026.4,1024.3,102.64,22.6,27.12,33.0,30.0,12,Fixed,False,2026-06-22T00:00:00Z,2029-12-02T00:00:00+03:00,2029-12-02T00:00:00+03:00,32.15,,36.78,2.08,0,0.7,0.0007,True,False,False,False,False,False,2,False,False,False,1098.6,False
RU000A10E747,RU000A10E747,ГК Сегежа 003P-10R,RUB,Materials,Россия,Московская биржа,1,1000.0,1000.0,RUB,1013.5,1012.3,1004.1,1005.0,100.41,8.2,20.55,25.0,30.0,12,Fixed,False,2026-07-06T00:00:00Z,2029-01-19T00:00:00+03:00,2029-01-19T00:00:00+03:00,24.9,27.77,27.77,1.71,0,-2.6,-0.0026,True,False,False,False,False,False,2,False,False,False,995.8,False
RU000A10F0X0,RU000A10F0X0,ТД РКС 002Р-08,RUB,Consumer,Россия,Московская биржа,1,1000.0,1000.0,RUB,1040.5,1040.4,1027.8,1019.0,102.78,12.6,20.96,25.5,30.0,12,Fixed,False,2026-06-29T00:00:00Z,2029-04-13T00:00:00+03:00,2029-04-13T00:00:00+03:00,24.81,26.99,26.99,2.03,0,7.8,0.0076,True,False,False,False,False,False,2,False,False,False,1000.9,False
RU000A10BBG1,RU000A10BBG1,ТЕХНО Лизинг 001Р-07,RUB,Financial,Россия,Московская биржа,1,1000.0,1000.0,RUB,1035.0,1034.9,1026.8,1022.9,102.68,8.1,22.19,27.0,30.0,12,Fixed,False,2026-07-06T00:00:00Z,2030-03-16T00:00:00+03:00,2030-03-16T00:00:00+03:00,26.3,27.56,27.56,1.13,0,3.2,0.0031,True,False,False,False,False,False,2,False,False,False,1009.4,False
RU000A10CM06,RU000A10CM06,АПРИ БО-002Р-11,RUB,RealEstate,Россия,Московская биржа,1,1000.0,1000.0,RUB,1008.7,1005.9,994.3,988.9,99.43,14.4,20.55,25.0,30.0,12,Fixed,False,2026-06-25T00:00:00Z,2028-08-13T00:00:00+03:00,2028-08-13T00:00:00+03:00,25.14,28.51,28.51,1.67,0,-0.2,-0.0002,True,False,False,False,False,False,2,False,False,False,1028.0,False
RU000A10B2F7,RU000A10B2F7,ЛК Роделен БО 002P-03,RUB,Financial,Россия,Московская биржа,1,1000.0,1000.0,RUB,1049.0,1047.7,1040.7,1041.2,104.07,7.0,20.96,25.5,30.0,12,Fixed,False,2026-07-06T00:00:00Z,2030-02-15T00:00:00+03:00,2030-02-15T00:00:00+03:00,24.5,25.69,25.69,1.68,0,1.3,0.0013,True,False,False,False,False,False,2,False,False,False,1040.0,False
RU000A10C758,RU000A10C758,ТД РКС 002Р-06,RUB,Consumer,,Московская биржа,1,1000.0,1000.0,RUB,1040.4,1039.1,1025.4,1014.1,102.54,15.1,20.55,25.0,30.0,12,Fixed,False,2026-06-24T00:00:00Z,2028-07-13T00:00:00+03:00,2028-07-13T00:00:00+03:00,24.38,26.14,26.14,1.62,0,1.4,0.0014,True,False,False,False,False,False,2,False,False,False,1001.5,False
RU000A10AYB6,RU000A10AYB6,А Спэйс 001Р-02,RUB,RealEstate,Россия,Московская биржа,1,1000.0,1000.0,RUB,1078.2,1073.0,1079.9,1060.6,107.99,0.0,25.48,31.0,30.0,12,Fixed,False,2026-06-16T00:00:00Z,2028-08-04T00:00:00+03:00,2028-08-04T00:00:00+03:00,28.71,,28.21,1.34,0,12.2,0.0114,True,False,False,False,False,False,2,False,False,False,1094.9,False
RU000A10BP46,RU000A10BP46,Страна Девелопмент 03,RUB,RealEstate,Россия,Московская биржа,1,1000.0,1000.0,RUB,1056.9,1054.7,1036.5,1038.4,103.65,18.2,21.78,26.5,30.0,12,Fixed,False,2026-06-22T00:00:00Z,2028-05-11T00:00:00+03:00,2028-05-11T00:00:00+03:00,25.57,,26.94,1.5,0,-2.5,-0.0024,True,False,False,False,False,False,2,False,False,False,1010.0,False
RU000A10BQM7,RU000A10BQM7,ТД РКС 002Р-05,RUB,Consumer,,Московская биржа,1,1000.0,1000.0,RUB,1089.5,1087.2,1077.3,1079.2,107.73,12.3,23.01,28.0,30.0,12,Fixed,False,2026-06-30T00:00:00Z,2028-05-20T00:00:00+03:00,2028-05-20T00:00:00+03:00,25.99,25.58,25.58,1.51,0,-5.3,-0.0049,True,False,False,False,False,False,2,False,False,False,1025.0,False
RU000A10F6H0,RU000A10F6H0,ПИР БО-06-001P,RUB,Industrials,Россия,Московская биржа,1,1000.0,1000.0,RUB,985.0,984.7,983.6,982.0,98.36,1.4,20.96,25.5,30.0,12,Fixed,False,2026-06-15T00:00:00Z,2028-10-31T00:00:00+03:00,2028-10-31T00:00:00+03:00,25.93,30.17,30.17,1.45,0,0.7,0.0007,True,False,False,False,False,False,2,False,False,False,983.6,False
RU000A10F595,RU000A10F595,Транспортная ЛК 001P-05,RUB,Other,Россия,Московская биржа,1,1000.0,1000.0,RUB,1031.9,1030.7,1029.0,1029.0,102.9,2.9,21.37,26.0,30.0,12,Fixed,False,2026-06-15T00:00:00Z,2029-04-27T00:00:00+03:00,2029-04-27T00:00:00+03:00,25.27,,27.14,1.67,0,-0.9,-0.0009,True,False,False,False,False,False,2,False,False,False,1012.5,False
