ticker,isin,name,currency,sector,country
SU26238RMFS4,RU000A1038V6,ОФЗ 26238,RUB,Government,Россия
SU26254RMFS1,RU000A10D533,ОФЗ 26254,RUB,Government,Россия
SU26248RMFS3,RU000A108EH4,ОФЗ 26248,RUB,Government,Россия
SU26250RMFS9,RU000A10BVH7,ОФЗ 26250,RUB,Government,
SU26247RMFS5,RU000A108EF8,ОФЗ 26247,RUB,Government,Россия
SU26252RMFS5,RU000A10D4Y2,ОФЗ 26252,RUB,Government,Россия
SU26233RMFS5,RU000A101F94,ОФЗ 26233,RUB,Government,Россия
SU26246RMFS7,RU000A108EE1,ОФЗ 26246,RUB,Government,Россия
SU26253RMFS3,RU000A10D517,ОФЗ 26253,RUB,Government,Россия
SU26240RMFS0,RU000A103BR0,ОФЗ 26240,RUB,Government,Россия
RU000A10F801,RU000A10F801,ГТЛК 002P-13,RUB,Financial,Россия
SU26230RMFS1,RU000A100EF5,ОФЗ 26230,RUB,Government,Россия
SU26245RMFS9,RU000A108EG6,ОФЗ 26245,RUB,Government,Россия
RU000A10F7R7,RU000A10F7R7,Сбербанк 001P-SBER56,RUB,Financial,Россия
SU26243RMFS4,RU000A106E90,ОФЗ 26243,RUB,Government,Россия
RU000A10FA72,RU000A10FA72,АФК Система 002Р-14,RUB,Financial,Россия
SU26244RMFS2,RU000A1074G2,ОФЗ 26244,RUB,Government,Россия
SU26249RMFS1,RU000A10BVC8,ОФЗ 26249,RUB,Government,
SU26241RMFS8,RU000A105FZ9,ОФЗ 26241,RUB,Government,Россия
RU000A10AZ60,RU000A10AZ60,РЖД БО 001P-38R,RUB,Industrials,Россия
RU000A10EYV6,RU000A10EYV6,ПГК 003Р-04,RUB,Industrials,Россия
RU000A10BY94,RU000A10BY94,АФК Система БО 002Р-03,RUB,Financial,Россия
RU000A109KT4,RU000A109KT4,МФК Т-Финанс 001P-01,RUB,Financial,Россия
RU000A106375,RU000A106375,Газпром капитал 07,RUB,Energy,Россия
RU000A10EYJ1,RU000A10EYJ1,ВИС ФИНАНС БО-П12,RUB,Financial,Россия
RU000A10CW87,RU000A10CW87,СФО ВТБ РКС Эталон 06,RUB,Financial,Россия
SU29007RMFS0,RU000A0JV4M0,ОФЗ 29007,RUB,Government,Россия
RU000A10AU73,RU000A10AU73,ГТЛК БО 002P-07,RUB,Financial,
RU000A10ABC2,RU000A10ABC2,Новосибирская область 34026,RUB,Municipal,Россия
SU26225RMFS1,RU000A0ZYUB7,ОФЗ 26225,RUB,Government,Россия
SU29010RMFS4,RU000A0JV4Q1,ОФЗ 29010,RUB,Government,Россия
SU26242RMFS6,RU000A105RV3,ОФЗ 26242,RUB,Government,Россия
SU26236RMFS8,RU000A102BT8,ОФЗ 26236,RUB,Government,Россия
SU26219RMFS4,RU000A0JWM07,ОФЗ 26219,RUB,Government,Россия
SU29008RMFS8,RU000A0JV4P3,ОФЗ 29008,RUB,Government,Россия
RU000A10BK17,RU000A10BK17,Газпром нефть БО 003P-15R,RUB,Energy,Россия
RU000A10ATW2,RU000A10ATW2,Балтийский лизинг БО-П15,RUB,Financial,
SU26218RMFS6,RU000A0JVW48,ОФЗ 26218,RUB,Government,Россия
SU26235RMFS0,RU000A1028E3,ОФЗ 26235,RUB,Government,Россия
SU29029RMFS4,RU000A10D525,ОФЗ 29029,RUB,Government,Россия
RU000A10AAQ4,RU000A10AAQ4,СФО Сплит Финанс 1 01,RUB,IT,Россия
SU29025RMFS2,RU000A106Z61,ОФЗ 29025,RUB,Government,Россия
SU26251RMFS7,RU000A10CKT3,ОФЗ 26251,RUB,Government,Россия
RU000A106ZL5,RU000A106ZL5,РЖД БО 001P-28R,RUB,Industrials,Россия
SU29016RMFS1,RU000A1025B5,ОФЗ 29016,RUB,Government,Россия
RU000A10A3Z4,RU000A10A3Z4,ГТЛК БО 002P-04,RUB,Financial,Россия
RU000A10CDZ5,RU000A10CDZ5,РЖД БО 001P-45R,RUB,Industrials,Россия
SU26207RMFS9,RU000A0JS3W6,ОФЗ 26207,RUB,Government,Россия
SU26221RMFS0,RU000A0JXFM1,ОФЗ 26221,RUB,Government,Россия
RU000A10F397,RU000A10F397,Кредитный поток 5.0,RUB,Financial,Россия
RU000A10F8P9,RU000A10F8P9,РЖД БО 001P-53R,RUB,Industrials,Россия
RU000A10CKZ0,RU000A10CKZ0,ЕвразХолдинг Финанс 003P-04,RUB,Materials,Россия
RU000A10EC22,RU000A10EC22,Селигдар 001Р-10,RUB,Materials,Россия
SU29026RMFS0,RU000A10A7D2,ОФЗ 29026,RUB,Government,Россия
RU000A10B024,RU000A10B024,АФК Система БО 002Р-01,RUB,Financial,
RU000A10B495,RU000A10B495,РЖД БО 001P-41R,RUB,Industrials,Россия
RU000A10EES4,RU000A10EES4,ВИС ФИНАНС БО-П11,RUB,Financial,Россия
RU000A107456,RU000A107456,МТС Банк 001P-03,RUB,Financial,Россия
SU26239RMFS2,RU000A103901,ОФЗ 26239,RUB,Government,Россия
RU000A10B933,RU000A10B933,Селигдар 001Р-03,RUB,Materials,Россия
RU000A1084E6,RU000A1084E6,О'КЕЙ БО 001Р-06,RUB,Consumer,Россия
RU000A10DSL1,RU000A10DSL1,ПГК 003Р-02,RUB,Industrials,Россия
RU000A10A7S0,RU000A10A7S0,Селектел 001P-05R,RUB,IT,
RU000A10DTF1,RU000A10DTF1,Селигдар 001Р-08,RUB,Materials,Россия
RU000A10D3X6,RU000A10D3X6,Селигдар 001Р-07,RUB,Materials,Россия
SU29027RMFS8,RU000A10AA93,ОФЗ 29027,RUB,Government,Россия
SU29015RMFS3,RU000A1025A7,ОФЗ 29015,RUB,Government,Россия
SU26228RMFS5,RU000A100A82,ОФЗ 26228,RUB,Government,Россия
RU000A10BPZ1,RU000A10BPZ1,АФК Система БО 002Р-02,RUB,Financial,Россия
RU000A109E71,RU000A109E71,ТрансКонтейнер П02-01,RUB,Industrials,Россия
RU000A10FA64,RU000A10FA64,ИНАРКТИКА 002Р-06,RUB,Consumer,Россия
RU000A10AV15,RU000A10AV15,ВИС ФИНАНС БО-П07,RUB,Financial,Россия
SIBN6P3,RU000A10CLW5,Газпром нефть 006Р-03,RUB,Energy,Россия
SU26226RMFS9,RU000A0ZZYW2,ОФЗ 26226,RUB,Government,Россия
RU000A10C5L7,RU000A10C5L7,Селигдар 001Р-04,RUB,Materials,Россия
RU000A10CR50,RU000A10CR50,ГТЛК БО 002P-10,RUB,Financial,Россия
RU000A10DA41,RU000A10DA41,ВИС ФИНАНС БО-П10,RUB,Financial,Россия
SU46023RMFS6,RU000A0JRTL6,ОФЗ 46023,RUB,Government,Россия
RU000A10BW62,RU000A10BW62,МТС 002P-12,RUB,Telecom,Россия
SU26212RMFS9,RU000A0JTK38,ОФЗ 26212,RUB,Government,Россия
RU000A108Z85,RU000A108Z85,РЖД БО 001P-32R,RUB,Industrials,Россия
RU000A10CS75,RU000A10CS75,Аэрофлот П02-БО-02,RUB,Consumer,Россия
RU000A10F7L0,RU000A10F7L0,Атомэнергопром 001P-12,RUB,Energy,Россия
RU000A106K43,RU000A106K43,РЖД БО 001Р-26R,RUB,Industrials,Россия
SU26232RMFS7,RU000A1014N4,ОФЗ 26232,RUB,Government,Россия
RU000A105YB1,RU000A105YB1,Медси ГК 001P-02,RUB,HealthCare,Россия
RU000A10ASC6,RU000A10ASC6,Европлан 001P-09,RUB,Other,Россия
RU000A10DPS2,RU000A10DPS2,Атомэнергопром 001Р-09,RUB,Energy,Россия
RU000A10CFK2,RU000A10CFK2,Кредитный поток 2.0,RUB,Financial,Россия
RU000A10DD30,RU000A10DD30,СФО СБ Секьюритизация 3 кл.А1,RUB,Financial,Россия
RU000A108777,RU000A108777,Балтийский лизинг БО-П10,RUB,Financial,Россия
RU000A10BGY3,RU000A10BGY3,МТС 002P-10,RUB,Telecom,Россия
RU000A10C6L5,RU000A10C6L5,Атомэнергопром 001Р-07,RUB,Energy,Россия
RU000A10AZ45,RU000A10AZ45,РЖД БО 001P-37R,RUB,Industrials,Россия
SIBN6P1,RU000A10C1S1,Газпром Нефть 006Р-01R,RUB,Energy,
RU000A10DTA2,RU000A10DTA2,Селигдар 001Р-9,RUB,Materials,Россия
RU000A1020L5,RU000A1020L5,Самарская область 35015,RUB,Municipal,Россия
RU000A10C3F4,RU000A10C3F4,СФО Сплит Финанс ПВ-1,RUB,Financial,Россия
SU26224RMFS4,RU000A0ZYUA9,ОФЗ 26224,RUB,Government,Россия
RU000A109K40,RU000A109K40,ФосАгро БО-П02,RUB,Materials,Россия
SU46020RMFS2,RU000A0GN9A7,ОФЗ 46020,RUB,Government,Россия
RU000A10A7C4,RU000A10A7C4,Европлан 001P-08,RUB,Other,Россия
RU000A10AT35,RU000A10AT35,ИКС 5 Финанс 003P-11,RUB,Consumer,Россия
RU000A1097T6,RU000A1097T6,СФО СБ Секьюритизация Класс А А,RUB,Financial,Россия
RU000A10AHC9,RU000A10AHC9,РЕСО-Лизинг БО-П-23,RUB,Financial,Россия
RU000A10B0A2,RU000A10B0A2,Магнит БО-005Р-03,RUB,Consumer,Россия
RU000A10EK48,RU000A10EK48,СФО СБ Секьюритизация 4 кл.АС,RUB,Financial,Россия
RU000A10ENP1,RU000A10ENP1,СФО Альфа Фабрика ПК-3 класс А,RUB,Financial,Россия
RU000A10C8C0,RU000A10C8C0,РЖД БО 001P-44R,RUB,Industrials,Россия
RU000A10DYG9,RU000A10DYG9,Атомэнергопром 001Р-10,RUB,Energy,Россия
RU000A107UW1,RU000A107UW1,Газпром нефть БО 003P-10R,RUB,Energy,Россия
RU000A1083A6,RU000A1083A6,ГМК Норникель БО-001Р-07,RUB,Materials,Россия
RU000A106TM6,RU000A106TM6,Банк ВТБ Б-1-343,RUB,Financial,Россия
RU000A10A7H3,RU000A10A7H3,СИБУР Холдинг 001Р-02,RUB,Energy,Россия
RU000A10BFG2,RU000A10BFG2,Атомэнергопром 001Р-05,RUB,Energy,Россия
RU000A1032P1,RU000A1032P1,СФО ВТБ РКС-1,RUB,Financial,Россия
RU000A10DPV6,RU000A10DPV6,АФК Система БО 002Р-07,RUB,Financial,Россия
RU000A10BNM4,RU000A10BNM4,АБЗ-1 002P-03,RUB,Industrials,Россия
RU000A10AC75,RU000A10AC75,Томская область 34072,RUB,Municipal,Россия
RU000A10A6J1,RU000A10A6J1,Томск 34009,RUB,Municipal,Россия
RU000A109PF2,RU000A109PF2,РЖД БО 001P-33R,RUB,Industrials,Россия
RU000A10B7T7,RU000A10B7T7,Кредитный поток 1.0,RUB,Other,Россия
RU000A10F504,RU000A10F504,ВЭБ.РФ ПБО-002Р-58,RUB,Financial,Россия
RU000A107C67,RU000A107C67,ГМК Норникель ЗО26-Д,RUB,Materials,Россия
SU26237RMFS6,RU000A1038Z7,ОФЗ 26237,RUB,Government,Россия
RU000A104Z48,RU000A104Z48,ВЭБ.РФ ПБО-002Р-33,RUB,Financial,Россия
RU000A10CC24,RU000A10CC24,РусГидро БО-002Р-07,RUB,Utilities,Россия
RU000A10BF48,RU000A10BF48,Яндекс 001Р-01,RUB,IT,Россия
RU000A106EM8,RU000A106EM8,Балтийский лизинг БО-П08,RUB,Financial,Россия
SU29024RMFS5,RU000A1066D5,ОФЗ 29024,RUB,Government,Россия
RU000A10B115,RU000A10B115,РЖД БО 001P-40R,RUB,Industrials,Россия
RU000A108JV4,RU000A108JV4,Газпром капитал БО-003Р-02,RUB,Energy,Россия
RU000A10BWC6,RU000A10BWC6,Группа Позитив 001Р-03,RUB,IT,Россия
RU000A10DWF5,RU000A10DWF5,Республика Башкортостан 24017,RUB,Municipal,Россия
RU000A107B35,RU000A107B35,Банк ВТБ Б-1-346,RUB,Financial,Россия
RU000A105A87,RU000A105A87,Совкомфлот ЗО-2028,RUB,Industrials,Россия
RU000A109NC4,RU000A109NC4,СФО ВТБ РКС Эталон 04,RUB,Financial,Россия
RU000A109JW0,RU000A109JW0,КАМАЗ БО-П12,RUB,Industrials,Россия
RU000A10B1X2,RU000A10B1X2,Селигдар 001Р-02,RUB,Materials,Россия
RU000A10CU55,RU000A10CU55,АФК Система БО 002Р-05,RUB,Financial,Россия
RU000A10AFX9,RU000A10AFX9,Металлоинвест 001P-09,RUB,Industrials,
RU000A10D3S6,RU000A10D3S6,Селигдар 001Р-06,RUB,Materials,Россия
RU000A10EA32,RU000A10EA32,Почта России 003P-04,RUB,Other,Россия
RU000A10B8R9,RU000A10B8R9,Инарктика 002Р-02,RUB,Consumer,Россия
RU000A10AXH5,RU000A10AXH5,Магнит БО-005Р-02,RUB,Consumer,Россия
RU000A10DSC0,RU000A10DSC0,Кредитный поток 4.1,RUB,Financial,Россия
RU000A10C6P6,RU000A10C6P6,Авто Финанс Банк БО-001Р-15,RUB,Financial,Россия
SU29020RMFS3,RU000A102BV4,ОФЗ 29020,RUB,Government,Россия
RU000A10EN11,RU000A10EN11,РЖД БО 001P-52R,RUB,Industrials,Россия
RU000A10DBM5,RU000A10DBM5,Кредитный поток 3.0,RUB,Other,Россия
SIBN6P2,RU000A10C6G5,Газпром Нефть 006Р-02R,RUB,Energy,
RU000A10B2T8,RU000A10B2T8,ВИС ФИНАНС БО-П08,RUB,Financial,Россия
RU000A1075S4,RU000A1075S4,ИКС 5 Финанс 003Р-02,RUB,Financial,Россия
RU000A10EEZ9,RU000A10EEZ9,Селектел 001P-07R,RUB,IT,Россия
RU000A10AA10,RU000A10AA10,ПСБ Лизинг БО-П01,RUB,Financial,Россия
RU000A10DQL5,RU000A10DQL5,Металлоинвест 002P-03,RUB,Industrials,Россия
RU000A10BU31,RU000A10BU31,КАМАЗ БО-П15,RUB,Industrials,Россия
RU000A10BQC8,RU000A10BQC8,Хэндерсон Фэшн Групп 001P-01,RUB,Consumer,Россия
RU000A10CMT9,RU000A10CMT9,Яндекс 001Р-02,RUB,IT,Россия
RU000A10BGJ4,RU000A10BGJ4,Аэрофлот П02-БО-01,RUB,Consumer,
RU000A10AHJ4,RU000A10AHJ4,Группа Позитив 001Р-02,RUB,IT,Россия
RU000A1055Y4,RU000A1055Y4,Почта России БО-002P-04,RUB,Other,Россия
RU000A1099V8,RU000A1099V8,Совкомбанк Лизинг БО-П07,RUB,Financial,Россия
RU000A10AC91,RU000A10AC91,Республика Башкортостан 34014,RUB,Municipal,Россия
RU000A10CRC4,RU000A10CRC4,ГМК Норникель БО-001Р-14,RUB,Materials,Россия
RU000A10B0U0,RU000A10B0U0,Авто Финанс Банк БО-001Р-14,RUB,Financial,Россия
RU000A10C634,RU000A10C634,ВИС ФИНАНС БО П09,RUB,Financial,Россия
RU000A10CWF7,RU000A10CWF7,ПГК 003Р-01,RUB,Industrials,Россия
RU000A10B0J3,RU000A10B0J3,ДельтаЛизинг 001P-02,RUB,Financial,Россия
RU000A107HG1,RU000A107HG1,Газпром нефть БО 003P-08R,RUB,Energy,Россия
SU29009RMFS6,RU000A0JV4N8,ОФЗ 29009,RUB,Government,Россия
RU000A106EZ0,RU000A106EZ0,ВИС ФИНАНС БО-П04,RUB,Financial,Россия
RU000A107S10,RU000A107S10,Россельхозбанк БO-03-002P,RUB,Financial,Россия
RU000A10BBE6,RU000A10BBE6,ХК Новотранс 001P-06,RUB,Industrials,
RU000A0JXE06,RU000A0JXE06,ГТЛК 001P-03,RUB,Industrials,Россия
RU000A10AUE8,RU000A10AUE8,РЖД БО 001P-36R,RUB,Industrials,Россия
RU000A107W48,RU000A107W48,Инарктика 002Р-01,RUB,Consumer,Россия
RU000A109L49,RU000A109L49,АЛРОСА 001Р-01,RUB,Materials,Россия
RU000A10CQE2,RU000A10CQE2,ВТБ Лизинг 001Р-МБ-03,RUB,Financial,Россия
RU000A108Y86,RU000A108Y86,Европлан 001P-07,RUB,Other,Россия
RU000A10BG13,RU000A10BG13,Ростелеком 001P-16R,RUB,Telecom,Россия
RU000A10C618,RU000A10C618,Магнит БО-004Р-08,RUB,Consumer,Россия
RU000A10B487,RU000A10B487,ДелоПортс БО 001P-04,RUB,Industrials,Россия
RU000A106VV3,RU000A106VV3,РЖД БО 001Р-27R,RUB,Industrials,Россия
RU000A10C725,RU000A10C725,Металлоинвест 002P-01,RUB,Industrials,
SU29021RMFS1,RU000A105B11,ОФЗ 29021,RUB,Government,Россия
RU000A1017J5,RU000A1017J5,Газпром нефть БО 003Р-02R,RUB,Energy,Россия
RU000A10B214,RU000A10B214,Ростелеком 001P-15R,RUB,Telecom,Россия
RU000A1070X5,RU000A1070X5,АБЗ-1 001P-05,RUB,Industrials,Россия
RU000A101FH6,RU000A101FH6,МТС 001P-14,RUB,Telecom,Россия
RU000A105VC5,RU000A105VC5,Полюс ПБО-03,RUB,Materials,Россия
RU000A10AST0,RU000A10AST0,СФО Совком Секьюр Класс А,RUB,Financial,
RU000A1057D4,RU000A1057D4,Металлоинвест 001P-02,CNY,Industrials,Россия
RU000A109VL8,RU000A109VL8,Совкомбанк БО-П05,RUB,Financial,
RU000A10BBW8,RU000A10BBW8,Газпром капитал БО-001Р-12,RUB,Energy,Россия
RU000A1062J1,RU000A1062J1,СФО ВТБ РКС Эталон 02,RUB,Financial,Россия
RU000A10DXE6,RU000A10DXE6,СФО Альфа Фабрика ПК-2 класс А,RUB,Financial,Россия
RU000A109B33,RU000A109B33,Газпром нефть БО 003P-13R,RUB,Energy,Россия
RU000A10DTG9,RU000A10DTG9,ВТБ Лизинг 001Р-МБ-04,RUB,Other,Россия
RU000A10AEB8,RU000A10AEB8,РусГидро БО-002Р-05,RUB,Utilities,Россия
RU000A106R95,RU000A106R95,Селектел 001P-03R,RUB,IT,Россия
RU000A10AHE5,RU000A10AHE5,Новые Технологии 001Р-02,RUB,Materials,
RU000A104WJ1,RU000A104WJ1,МТС 001P-21,RUB,Telecom,Россия
RU000A1005L6,RU000A1005L6,АФК Система БО 001P-09,RUB,Financial,Россия
RU000A10F6U3,RU000A10F6U3,Русгидро БО-002Р-13,RUB,Utilities,Россия
RU000A105NT6,RU000A105NT6,Магаданская область ГО2022,RUB,Municipal,Россия
RU000A10BNF8,RU000A10BNF8,РусГидро БО-П13,RUB,Utilities,Россия
RU000A10A349,RU000A10A349,РусГидро БО-002Р-01,RUB,Utilities,Россия
RU000A107AG6,RU000A107AG6,Россети Центр 001Р-03,RUB,Utilities,Россия
RU000A10CKS5,RU000A10CKS5,СФО Альфа Фабрика ПК-1 класс А,RUB,Financial,Россия
RU000A10DCF7,RU000A10DCF7,ХК Новотранс 002P-01,RUB,Industrials,Россия
RU000A1040S8,RU000A1040S8,Ульяновская область 34004,RUB,Municipal,Россия
RU000A104BC0,RU000A104BC0,Калининградская область 35004,RUB,Municipal,Россия
RU000A106ZP6,RU000A106ZP6,СФО ВТБ РКС Эталон 03,RUB,Financial,Россия
RU000A10B3A6,RU000A10B3A6,Атомэнергопром 001Р-04,RUB,Energy,Россия
RU000A10BGF2,RU000A10BGF2,РЖД БО 001P-42R,RUB,Industrials,Россия
RU000A10C8T4,RU000A10C8T4,СИБУР Холдинг 001Р-07,RUB,Energy,
RU000A101M04,RU000A101M04,РЖД БО 001Р-20R,RUB,Industrials,Россия
RU000A105QX1,RU000A105QX1,Газпром капитал БЗО26-1-Е,RUB,Energy,Россия
RU000A10DHT7,RU000A10DHT7,ДельтаЛизинг 001Р-03,RUB,Financial,Россия
RU000A10BW70,RU000A10BW70,Томская область 34074,RUB,Municipal,Россия
RU000A109TJ6,RU000A109TJ6,Банк ПСБ 003P-09,RUB,Financial,Россия
RU000A10DDR0,RU000A10DDR0,Яндекс 001Р-03,RUB,IT,Россия
RU000A109098,RU000A109098,Группа Позитив 001Р-01,RUB,IT,Россия
RU000A10B0B0,RU000A10B0B0,Группа ЛСР БО 001Р-10,RUB,RealEstate,Россия
RU000A108G70,RU000A108G70,НОВАТЭК 001P-02,RUB,Energy,Россия
RU000A10E8P0,RU000A10E8P0,РЖД БО 001P-51R,RUB,Industrials,Россия
RU000A103PX8,RU000A103PX8,Группа ЛСР БО 001Р-07,RUB,RealEstate,Россия
RU000A1033Z8,RU000A1033Z8,Москва 74,RUB,Municipal,Россия
RU000A10D9K0,RU000A10D9K0,Авто Финанс Банк БО-001Р-16,RUB,Financial,Россия
RU000A10CU89,RU000A10CU89,Селектел 001P-06R,RUB,IT,Россия
RU000A10BK09,RU000A10BK09,Газпром нефть БО 003P-14R,RUB,Energy,Россия
RU000A107TT9,RU000A107TT9,ГТЛК БО 002P-03,RUB,Financial,Россия
RU000A107W55,RU000A107W55,Банк ВТБ Б-1-351,RUB,Financial,Россия
RU000A109PP1,RU000A109PP1,АБЗ-1 002Р-01,RUB,Industrials,Россия
RU000A10CSD0,RU000A10CSD0,РУСАЛ БО-001Р-15,RUB,Materials,Россия
RU000A10A4S7,RU000A10A4S7,ФосАгро БО-02-01,RUB,Materials,Россия
RU000A1094F2,RU000A1094F2,Группа Черкизово БО-001Р-07,RUB,Consumer,Россия
RU000A107WL0,RU000A107WL0,ИКС 5 Финанс 003P-04,RUB,Financial,Россия
RU000A105JH9,RU000A105JH9,Газпром капитал ЗО27-2-Д,RUB,Energy,Россия
RU000A10AYF7,RU000A10AYF7,Новые Технологии 001Р-04,RUB,Materials,Россия
RU000A10D1W2,RU000A10D1W2,МегаФон БО-002Р-10,RUB,Telecom,Россия
RU000A103QK3,RU000A103QK3,Мэйл.Ру Финанс 001P-01,RUB,IT,Россия
RU000A10C5K9,RU000A10C5K9,Селигдар 001Р-05,RUB,Materials,
RU000A10AXW4,RU000A10AXW4,СИБУР Холдинг 001Р-03 USD,RUB,Energy,Россия
RU000A10BT34,RU000A10BT34,Россети БО 001P-17R,RUB,Utilities,Россия
RU000A109ZQ8,RU000A109ZQ8,Россети БО 001P-14R,RUB,Utilities,Россия
RU000A109KX6,RU000A109KX6,ВИС ФИНАНС БО-П06,RUB,Financial,Россия
RU000A10ASB8,RU000A10ASB8,Россети БО 001P-15R,RUB,Utilities,Россия
SU29023RMFS7,RU000A105L19,ОФЗ 29023,RUB,Government,Россия
RU000A109L72,RU000A109L72,Республика Саха (Якутия) 35016,RUB,Municipal,Россия
RU000A0JX1S1,RU000A0JX1S1,РЖД 41,RUB,Industrials,Россия
RU000A1082X0,RU000A1082X0,Группа ЛСР БО 001Р-09,RUB,RealEstate,Россия
RU000A10AHA3,RU000A10AHA3,ИКС 5 Финанс 003P-07,RUB,Financial,Россия
RU000A10FAN0,RU000A10FAN0,АЛРОСА 002P-02,RUB,Materials,Россия
SIBN6P4,RU000A10CLE3,Газпром Нефть 006Р-04,RUB,Energy,Россия
SU29013RMFS8,RU000A101KT1,ОФЗ 29013,RUB,Government,Россия
RU000A101RT6,RU000A101RT6,Республика Казахстан 05,RUB,Government,Казахстан
RU000A108DE3,RU000A108DE3,ГТЛК БО 001P-21,RUB,Financial,Россия
RU000A106SP1,RU000A106SP1,ХК Новотранс 001P-04,RUB,Industrials,Россия
RU000A10DWQ2,RU000A10DWQ2,Томская область 34076,RUB,Municipal,Россия
RU000A104Y15,RU000A104Y15,НоваБев Групп 002P БО-П05,RUB,Consumer,Россия
RU000A104V75,RU000A104V75,Почта России БО-002P-01,RUB,Other,Россия
RU000A10DEN7,RU000A10DEN7,Томская область 34075,RUB,Municipal,Россия
RU000A1083U4,RU000A1083U4,МТС 002P-04,RUB,Telecom,Россия
RU000A102QP4,RU000A102QP4,РЖД БО 001Р-21R,RUB,Industrials,Россия
RU000A10DNX7,RU000A10DNX7,СФО Сплит Финанс ПВ-2,RUB,Financial,Россия
RU000A10DZW3,RU000A10DZW3,РЖД БО 001P-50R,RUB,Industrials,Россия
RU000A10C6W2,RU000A10C6W2,Абрау-Дюрсо 002P-01,RUB,Consumer,Россия
RU000A10CC99,RU000A10CC99,МБЭС 002P-04,RUB,Financial,Россия
SU29028RMFS6,RU000A10D4Z9,ОФЗ 29028,RUB,Government,Россия
RU000A10D4D6,RU000A10D4D6,Минфин Амурской области 31002,RUB,Municipal,Россия
RU000A10F8T1,RU000A10F8T1,Ростелеком 003P-01,RUB,Telecom,Россия
RU000A1043K9,RU000A1043K9,Нижегородская область 35016,RUB,Municipal,Россия
RU000A10BQR6,RU000A10BQR6,СФО СБ Секьюритизация 2 А,RUB,Financial,
RU000A10DLP7,RU000A10DLP7,Депфин Югры 34002,RUB,Municipal,Россия
RU000A10BP79,RU000A10BP79,МТС 002P-11,RUB,Telecom,Россия
RU000A10E7G1,RU000A10E7G1,НоваБев Групп 003Р-02,RUB,Consumer,Россия
RU000A10BSL5,RU000A10BSL5,Ростелеком 001P-17R,RUB,Telecom,
RU000A106G56,RU000A106G56,ФосАгро ЗО28-Д,RUB,Materials,Россия
RU000A10BTA6,RU000A10BTA6,РЖД БО 001P-43R,RUB,Industrials,Россия
RU000A10BJ85,RU000A10BJ85,МТС Банк 001P-05,RUB,Telecom,Россия
RU000A108G05,RU000A108G05,ЕвразХолдинг Финанс 003P-01,RUB,Materials,Россия
RU000A103EZ7,RU000A103EZ7,Ростелеком 002P-06R,RUB,Telecom,Россия
RU000A107EC7,RU000A107EC7,Россети Ленэнерго 001P-01,RUB,Utilities,Россия
RU000A106PW3,RU000A106PW3,Новые Технологии БO-02,RUB,Materials,Россия
RU000A10EYW4,RU000A10EYW4,ПГК 003Р-05,RUB,Industrials,Россия
RU000A10EMG2,RU000A10EMG2,НоваБев Групп 003Р-03,RUB,Consumer,Россия
RU000A10ECK5,RU000A10ECK5,СИБУР Холдинг 001Р-09,RUB,Energy,Россия
RU000A10B8M0,RU000A10B8M0,Сэтл Групп БО 002P-04,RUB,RealEstate,Россия
RU000A10F8N4,RU000A10F8N4,МТС 003Р-02,RUB,Telecom,Россия
SU52005RMFS4,RU000A105XV1,ОФЗ 52005,RUB,Government,Россия
RU000A10BBD8,RU000A10BBD8,ЯТЭК 001Р-06,RUB,Energy,Россия
RU000A10CT33,RU000A10CT33,Атомэнергопром 001Р-08,RUB,Energy,Россия
SU29019RMFS5,RU000A102A49,ОФЗ 29019,RUB,Government,Россия
RU000A1084B2,RU000A1084B2,Сэтл Групп БО 002P-03,RUB,RealEstate,Россия
RU000A10CSQ2,RU000A10CSQ2,НоваБев Групп 003Р-01,RUB,Consumer,Россия
RU000A10E291,RU000A10E291,ГК Азот 001Р-01,RUB,Other,Россия
RU000A10BY45,RU000A10BY45,Новые Технологии 001Р-07,RUB,Materials,
RU000A1082W2,RU000A1082W2,Новые Технологии БO-03,RUB,Materials,Россия
RU000A10EML2,RU000A10EML2,ВТБ Лизинг 001Р-МБ-05,RUB,Financial,Россия
RU000A10B3Z3,RU000A10B3Z3,ЕвразХолдинг Финанс 003P-03,RUB,Materials,Россия
RU000A1069N8,RU000A1069N8,ГМК Норникель БО-09,RUB,Materials,Россия
RU000A106672,RU000A106672,Газпром капитал БО-001Р-05,RUB,Energy,Россия
RU000A10DBA0,RU000A10DBA0,СФО ГПБ-СПК А2,RUB,Other,Россия
RU000A10F728,RU000A10F728,Газпром капитал БО-003Р-22,RUB,Energy,Россия
RU000A1099A2,RU000A1099A2,НоваБев Групп 002P БО-П07,RUB,Consumer,Россия
RU000A107CG2,RU000A107CG2,Россети БО 001P-11R,RUB,Utilities,Россия
RU000A1090K0,RU000A1090K0,Магнит БО-004Р-06,RUB,Consumer,Россия
RU000A10C0X3,RU000A10C0X3,Эн+ Гидро 001РС-07,RUB,Energy,
RU000A102CT6,RU000A102CT6,Свердловская область 35009,RUB,Municipal,Россия
RU000A10D7Z2,RU000A10D7Z2,МСП Факторинг 001Р-01,RUB,Financial,Россия
RU000A10CMQ5,RU000A10CMQ5,Новые Технологии 001Р-08,RUB,Materials,Россия
RU000A107F49,RU000A107F49,Банк ГПБ БО 005Р-02Р,RUB,Financial,Россия
RU000A109U97,RU000A109U97,ДОМ.РФ 002P-05,RUB,Financial,Россия
RU000A1087F6,RU000A1087F6,Ульяновская область 34008,RUB,Municipal,Россия
RU000A103G42,RU000A103G42,Сбербанк 001Р-SBER29,RUB,Financial,Россия
RU000A10B263,RU000A10B263,АБЗ-1 002P-02,RUB,Industrials,Россия
SU52003RMFS9,RU000A102069,ОФЗ 52003,RUB,Government,Россия
RU000A10DHX9,RU000A10DHX9,Инарктика 002Р-04,RUB,Consumer,Россия
RU000A105CM4,RU000A105CM4,ХК Новотранс 001P-03,RUB,Industrials,Россия
RU000A10CMR3,RU000A10CMR3,СИБУР Холдинг 001Р-08,RUB,Energy,Россия
RU000A1083W0,RU000A1083W0,МТС 002P-05,RUB,Telecom,Россия
RU000A10DSD8,RU000A10DSD8,Кредитный поток 4.2,RUB,Financial,Россия
RU000A1075E4,RU000A1075E4,МТС 002P-01,RUB,Telecom,Россия
RU000A108C74,RU000A108C74,РЕСО-Лизинг БО-П-25,RUB,Financial,Россия
RU000A101RZ3,RU000A101RZ3,Республика Казахстан 11,RUB,Government,Казахстан
RU000A107HR8,RU000A107HR8,Авто Финанс Банк БО-001Р-11,RUB,Financial,Россия
RU000A107B19,RU000A107B19,Новосибирская область 35023,RUB,Municipal,Россия
RU000A10CTX6,RU000A10CTX6,ВЭБ.РФ ПБО-002Р-54В,RUB,Financial,Россия
RU000A10B420,RU000A10B420,Группа Черкизово БО-001Р-08,RUB,Consumer,Россия
RU000A1099S4,RU000A1099S4,Новосибирская область 34024,RUB,Municipal,Россия
RU000A109XR1,RU000A109XR1,Акрон БО-001P-05,RUB,Materials,Россия
RU000A107D33,RU000A107D33,ВИС ФИНАНС БО-П05,RUB,Financial,Россия
RU000A1054W1,RU000A1054W1,Полюс ПБО-02,CNY,Materials,Россия
RU000A101Z17,RU000A101Z17,Свердловская область 35008,RUB,Municipal,Россия
RU000A109UD7,RU000A109UD7,Атомэнергопром 001Р-03,RUB,Energy,Россия
RU000A100HY9,RU000A100HY9,РЖД БО 001Р-16R,RUB,Industrials,Россия
RU000A105KU0,RU000A105KU0,Газпром капитал ЗО29-1-Д,RUB,Energy,Россия
RU000A109RR3,RU000A109RR3,Ульяновская область 34009,RUB,Municipal,Россия
RU000A10AT27,RU000A10AT27,ИКС 5 Финанс 003P-10,RUB,Consumer,Россия
RU000A10DSM9,RU000A10DSM9,ПГК 003Р-03,RUB,Industrials,Россия
RU000A1070L0,RU000A1070L0,ЯТЭК 001Р-03,RUB,Energy,Россия
RU000A102CR0,RU000A102CR0,Московская область 35015,RUB,Municipal,Россия
RU000A10AUX8,RU000A10AUX8,НОВАТЭК 001Р-03,RUB,Energy,
RU000A10FAK6,RU000A10FAK6,ОФЗ 36 CNY,RUB,Government,Россия
RU000A105QW3,RU000A105QW3,Газпром капитал БЗО26-1-Д,RUB,Energy,Россия
RU000A10B4K3,RU000A10B4K3,ГМК Норникель БО-001Р-08,RUB,Materials,Россия
RU000A10DC15,RU000A10DC15,АВТОБАН-Финанс БО-П07,RUB,Financial,Россия
RU000A10AA28,RU000A10AA28,Акрон БО-001P-06,RUB,Materials,Россия
RU000A0ZYKJ1,RU000A0ZYKJ1,Санкт-Петербург 35002,RUB,Municipal,Россия
RU000A10ELF6,RU000A10ELF6,МТС 002Р-17,RUB,Telecom,Россия
RU000A102A15,RU000A102A15,Санкт-Петербург 35003,RUB,Municipal,Россия
RU000A10AAU6,RU000A10AAU6,Амурская область 24001,RUB,Municipal,Россия
RU000A10CCN3,RU000A10CCN3,О'КЕЙ БО 001Р-08,RUB,Consumer,Россия
SU52002RMFS1,RU000A0ZYZ26,ОФЗ 52002,RUB,Government,Россия
RU000A1089K2,RU000A1089K2,РУСАЛ БО-001P-07,CNY,Materials,Россия
RU000A10DQB6,RU000A10DQB6,ОФЗ 29 СNY,RUB,Government,Россия
RU000A10FAP5,RU000A10FAP5,ВЭБ.РФ ПБО-002Р-59ПО,RUB,Financial,Россия
RU000A105RZ4,RU000A105RZ4,Газпром капитал ЗО27-1-Е,RUB,Energy,Россия
RU000A10BV22,RU000A10BV22,Республика Башкортостан 34015,RUB,Municipal,
RU000A101RV2,RU000A101RV2,Республика Казахстан 07,RUB,Government,Казахстан
RU000A10CP52,RU000A10CP52,Газпром капитал БО-003Р-19,RUB,Energy,Россия
RU000A101U61,RU000A101U61,Ульяновская область 35002,RUB,Municipal,Россия
RU000A105A95,RU000A105A95,Газпром капитал ЗО34-1-Д,RUB,Energy,Россия
RU000A10F827,RU000A10F827,Мегафон БО-002P-13,RUB,Telecom,Россия
RU000A108L24,RU000A108L24,МКБ ЗО-2021,RUB,Financial,Россия
SU52004RMFS7,RU000A103MX5,ОФЗ 52004,RUB,Government,Россия
RU000A10B008,RU000A10B008,Южуралзолото Группа Компаний USD 001P-04,RUB,Materials,
RU000A10CQ85,RU000A10CQ85,МТС 001P-29,RUB,Telecom,Россия
RU000A109KY4,RU000A109KY4,Авто Финанс Банк БО-001Р-13,RUB,Financial,Россия
RU000A107W06,RU000A107W06,ХК Новотранс 001P-05,RUB,Industrials,Россия
RU000A10DJA3,RU000A10DJA3,Нижегородская область 34017,RUB,Municipal,Россия
RU000A109528,RU000A109528,Россети БО 001P-13R,RUB,Utilities,Россия
RU000A10F6F4,RU000A10F6F4,Автодор ГК БО-004Р-08,RUB,Industrials,Россия
RU000A1077V4,RU000A1077V4,Росэксимбанк 002P-04,RUB,Financial,Россия
RU000A10F7J4,RU000A10F7J4,Республика Саха (Якутия) 34006,RUB,Municipal,Россия
RU000A10A8E8,RU000A10A8E8,ОВОЗ РФ 12840113V,RUB,Government,Россия
RU000A1057S2,RU000A1057S2,Роснефть 002P-12 CNY,CNY,Energy,Россия
RU000A108L81,RU000A108L81,Полюс ПБО-04,RUB,Materials,Россия
RU000A10DSG1,RU000A10DSG1,Новосибирская область 34028,RUB,Municipal,Россия
RU000A1033B9,RU000A1033B9,Республика Саха (Якутия) 35015,RUB,Municipal,Россия
RU000A10C9Y2,RU000A10C9Y2,НОВАТЭК 001Р-05,RUB,Energy,Россия
RU000A1062M5,RU000A1062M5,Селигдар GOLD01,RUB,Materials,Россия
RU000A10DBD4,RU000A10DBD4,Минфин Ульяновской области 34011,RUB,Municipal,Россия
RU000A10B8P3,RU000A10B8P3,Инарктика 002Р-03,RUB,Consumer,Россия
RU000A105RH2,RU000A105RH2,Газпром капитал ЗО37-1-Д,RUB,Energy,Россия
RU000A10DG60,RU000A10DG60,Новосибирская область 34027,RUB,Municipal,Россия
RU000A10BTJ7,RU000A10BTJ7,Ульяновская область 34010,RUB,Municipal,
BYM000001941,BYM000001941,Республика Беларусь 336 28.02.2030,RUB,Government,Беларусь
RU000A10B0C8,RU000A10B0C8,Металлоинвест 001P-12,RUB,Industrials,Россия
RU000A10DJV9,RU000A10DJV9,Совкомфлот 001Р-02,RUB,Industrials,Россия
RU000A105SG2,RU000A105SG2,Газпром капитал ЗО30-1-Д,RUB,Energy,Россия
RU000A1059P4,RU000A1059P4,Лукойл ЗО-27,RUB,Energy,Россия
RU000A106FT0,RU000A106FT0,Республика Башкортостан 34013,RUB,Municipal,Россия
RU000A1099E4,RU000A1099E4,Мособлэнерго 001Р-01,RUB,Utilities,Россия
RU000A108TV3,RU000A108TV3,АЛРОСА З027-Д,RUB,Materials,Россия
SU29018RMFS7,RU000A102A31,ОФЗ 29018,RUB,Government,Россия
RU000A105BY1,RU000A105BY1,Газпром капитал ЗО28-1-Е,RUB,Energy,Россия
RU000A10AFW1,RU000A10AFW1,Россети Московский регион БО1Р08,RUB,Utilities,Россия
RU000A10EWA4,RU000A10EWA4,СФО ВТБ РКС Олимп A4,RUB,Financial,Россия
RU000A1059Q2,RU000A1059Q2,Лукойл ЗО-30,RUB,Energy,Россия
RU000A10B7J8,RU000A10B7J8,ФосАгро БО-02-03,RUB,Materials,Россия
RU000A10DYP0,RU000A10DYP0,ИКС 5 Финанс 003P-15,RUB,Consumer,Россия
RU000A1094G0,RU000A1094G0,РУСАЛ БО-001P-08,RUB,Materials,Россия
RU000A108RP9,RU000A108RP9,Авто Финанс Банк БО-001Р-12,RUB,Financial,Россия
RU000A10D4P0,RU000A10D4P0,Южуралзолото ГК 001P-05,RUB,Materials,Россия
RU000A10AXK9,RU000A10AXK9,ФосАгро БО-02-02,RUB,Materials,Россия
SU29022RMFS9,RU000A105G16,ОФЗ 29022,RUB,Government,Россия
RU000A10B347,RU000A10B347,Акрон БО-001P-07,RUB,Materials,
RU000A107B43,RU000A107B43,ГТЛК ЗО27-Д,RUB,Financial,Россия
RU000A106YE3,RU000A106YE3,Магаданская область ГО2023,RUB,Municipal,Россия
RU000A10DPM5,RU000A10DPM5,Магнит БО-005Р-05,RUB,Consumer,Россия
RU000A10CSG3,RU000A10CSG3,Металлоинвест 002P-02,RUB,Industrials,Россия
RU000A1089G0,RU000A1089G0,Гидромашсервис 001Р-02,RUB,Consumer,Россия
RU000A108ZT4,RU000A108ZT4,Росэксимбанк 002P-05,RUB,Financial,Россия
RU000A105146,RU000A105146,ПИК-Корпорация 001Р-05,RUB,RealEstate,Россия
SU29017RMFS9,RU000A1028D5,ОФЗ 29017,RUB,Government,Россия
RU000A10F108,RU000A10F108,Акрон БО-002Р-03,RUB,Materials,Россия
RU000A106XD7,RU000A106XD7,Селигдар GOLD02,RUB,Materials,Россия
BYM000001925,BYM000001925,Республика Беларусь 335 24.02.2031,RUB,Government,Беларусь
RU000A106ZU6,RU000A106ZU6,РусГидро БО-П12,RUB,Utilities,Россия
RU000A108FX8,RU000A108FX8,ЭН+ Гидро 001РС-05,CNY,Utilities,Россия
RU000A10DQA8,RU000A10DQA8,ОФЗ 33 CNY,RUB,Government,Россия
RU000A10BPP2,RU000A10BPP2,Газпром капитал БО-003Р-14,RUB,Energy,
RU000A10FBH0,RU000A10FBH0,Ростелеком 001P-26R,RUB,Telecom,Россия
RU000A105A04,RU000A105A04,Металлоинвест 028,RUB,Industrials,Россия
RU000A10B4V0,RU000A10B4V0,Группа Черкизово БО-002Р-01,RUB,Consumer,Россия
RU000A107RH8,RU000A107RH8,РУСАЛ БО-001P-06 CNY,CNY,Materials,Россия
RU000A108RQ7,RU000A108RQ7,Селигдар GOLD03,RUB,Materials,Россия
RU000A10D806,RU000A10D806,ЕвразХолдинг Финанс 003P-05,RUB,Materials,Россия
RU000A10A7Y8,RU000A10A7Y8,ОВОЗ РФ 12840115V,RUB,Government,Россия
RU000A1059N9,RU000A1059N9,Лукойл ЗО-26,RUB,Energy,Россия
RU000A10D301,RU000A10D301,Эн+ Гидро 001РС-08,RUB,Energy,Россия
RU000A105XA5,RU000A105XA5,Газпром капитал ЗО27-1-ФР,RUB,Energy,Россия
RU000A10CRD2,RU000A10CRD2,ГМК Норникель БО-001Р-15,RUB,Materials,Россия
RU000A108PZ2,RU000A108PZ2,Газпром нефть БО 003P-12R,CNY,Energy,Россия
RU000A107VV1,RU000A107VV1,МКБ ЗО-2026-02,RUB,Financial,Россия
BYM000001818,BYM000001818,Республика Беларусь 331 29.06.2027,RUB,Government,Беларусь
RU000A1056U0,RU000A1056U0,Газпром капитал ЗО27-1-Д,RUB,Energy,Россия
RU000A10A869,RU000A10A869,ОВОЗ РФ 12840111V,RUB,Government,
RU000A10C3M0,RU000A10C3M0,Атомэнергопром 001Р-06,RUB,Energy,Россия
RU000A10DWW0,RU000A10DWW0,Самарская область 34016,RUB,Municipal,Россия
RU000A10BU23,RU000A10BU23,ГМК Норникель БО-001Р-11-CNY,RUB,Materials,
RU000A108LX6,RU000A108LX6,МКБ ЗО-2017,RUB,Financial,Россия
RU000A10A8A6,RU000A10A8A6,ОВОЗ РФ 12840112V,RUB,Government,
RU000A10A893,RU000A10A893,ОВОЗ РФ 12978116V,RUB,Government,Россия
RU000A108P79,RU000A108P79,Полюс ЗО28-Д,RUB,Materials,Россия
RU000A105JT4,RU000A105JT4,Газпром капитал ЗО31-1-Д,RUB,Energy,Россия
RU000A10A877,RU000A10A877,ОВОЗ РФ 12840118V,RUB,Government,Россия
RU000A10A836,RU000A10A836,ОВОЗ РФ 12978114V,RUB,Government,
RU000A0JXTS9,RU000A0JXTS9,Russia 2027,RUB,Government,Россия
XS0088543193,XS0088543193,Russia 2028,RUB,Government,Россия
RU000A10E9Y0,RU000A10E9Y0,Газпром капитал БО-003Р-18,RUB,Energy,Россия
RU000A10A851,RU000A10A851,ОВОЗ РФ 12840109V,RUB,Government,Россия
RU000A10CZ68,RU000A10CZ68,ФосАгро БО-02-04,RUB,Materials,Россия
RU000A10A844,RU000A10A844,ОВОЗ РФ 12840119V,RUB,Government,Россия
RU000A1034K8,RU000A1034K8,Russia 2036 EUR,RUB,Government,Россия
RU000A10BGH8,RU000A10BGH8,Акрон БО-001Р-08,RUB,Materials,Россия
RU000A10A802,RU000A10A802,ОВОЗ РФ 12840117V,RUB,Government,Россия
RU000A0ZYYN4,RU000A0ZYYN4,Russia 2029,RUB,Government,Россия
RU000A107XA1,RU000A107XA1,ВЭБ.РФ ПБО-002Р-41,RUB,Financial,Россия
RU000A10DS74,RU000A10DS74,Сбербанк 001Р-SBER51,RUB,Financial,Россия
RU000A10EEE4,RU000A10EEE4,Балтийский лизинг БО-П24,RUB,Financial,Россия
RU000A10FC96,RU000A10FC96,Борец Капитал 001Р-07,RUB,Energy,Россия
RU000A10CJ92,RU000A10CJ92,ПР-Лизинг БО 002Р-03,RUB,Other,Россия
RU000A10EYZ7,RU000A10EYZ7,МегаФон БО-002Р-12,RUB,Telecom,Россия
RU000A1082Y8,RU000A1082Y8,Синара Транспортные Машины 1P4,RUB,Industrials,Россия
RU000A10BW96,RU000A10BW96,ГК Самолет БО-П18,RUB,RealEstate,Россия
RU000A107RZ0,RU000A107RZ0,ГК Самолет БО-П13,RUB,RealEstate,Россия
RU000A10EWL1,RU000A10EWL1,Почта России 003P-05,RUB,Other,Россия
RU000A10BPF3,RU000A10BPF3,ТГК-14 001Р-07,RUB,Utilities,Россия
RU000A10EF52,RU000A10EF52,Сбербанк 001Р-SBER52,RUB,Financial,Россия
RU000A10BJX9,RU000A10BJX9,Балтийский лизинг БО-П16,RUB,Financial,Россия
RU000A104JQ3,RU000A104JQ3,ГК Самолет БО-П11,RUB,RealEstate,Россия
RU000A10ES32,RU000A10ES32,ОДК 001P-01,RUB,Other,Россия
RU000A10EST2,RU000A10EST2,Эталон-Финанс 002Р-05,RUB,RealEstate,Россия
RU000A10CBA2,RU000A10CBA2,Сбербанк 001Р-SBERD9,RUB,Financial,Россия
RU000A10F7V9,RU000A10F7V9,Полипласт П02-БО-16,RUB,Materials,Россия
RU000A10F470,RU000A10F470,ТрансКонтейнер П02-03,RUB,Industrials,Россия
RU000A10F850,RU000A10F850,РОЛЬФ 001Р-09,RUB,Consumer,Россия
RU000A109908,RU000A109908,МВ Финанс 001Р-05,RUB,Consumer,Россия
RU000A104B46,RU000A104B46,Банк ГПБ БО 001Р-21Р,RUB,Financial,Россия
RU000A10ERE6,RU000A10ERE6,АВТОБАН-Финанс БО-П08,RUB,Financial,Россия
RU000A10BL99,RU000A10BL99,Сбербанк 001Р-SBERD6,RUB,Financial,
RU000A10EW51,RU000A10EW51,АБЗ-1 002P-06,RUB,Industrials,Россия
RU000A10EXW6,RU000A10EXW6,Селигдар 001Р-11,RUB,Materials,Россия
RU000A109874,RU000A109874,ГК Самолет БО-П15,RUB,RealEstate,Россия
RU000A10CC32,RU000A10CC32,Балтийский лизинг БО-П19,RUB,Financial,Россия
RU000A10DA74,RU000A10DA74,Эталон-Финанс 002Р-04,RUB,RealEstate,Россия
RU000A10EG44,RU000A10EG44,ИЛОН 001Р-01,RUB,Other,Россия
RU000A10EAC6,RU000A10EAC6,КАМАЗ БО-П20,RUB,Industrials,Россия
RU000A10EPX0,RU000A10EPX0,РусГидро БО-002Р-12,RUB,Utilities,Россия
RU000A10E655,RU000A10E655,Глоракс 001Р-05,RUB,RealEstate,Россия
RU000A10EA16,RU000A10EA16,Почта России 003P-03,RUB,Other,Россия
RU000A10BPN7,RU000A10BPN7,Полипласт П02-БО-05,RUB,Materials,Россия
RU000A10B461,RU000A10B461,Новосибирскавтодор БО-03,RUB,Other,Россия
RU000A10C8S6,RU000A10C8S6,Сбербанк 001Р-SBERD8,RUB,Financial,Россия
RU000A10CZA1,RU000A10CZA1,ГК Самолет БО-П20,RUB,RealEstate,Россия
RU000A10EMU3,RU000A10EMU3,ГТЛК БО 002P-12,RUB,Financial,Россия
RU000A10BZJ4,RU000A10BZJ4,Балтийский лизинг БОП18,RUB,Financial,Россия
RU000A108P46,RU000A108P46,Балтийский лизинг БО-П11,RUB,Financial,
RU000A105M91,RU000A105M91,Синара Транспортные Машины 1P3,RUB,Industrials,Россия
RU000A10EJQ7,RU000A10EJQ7,Атомэнергопром 001Р-11,RUB,Energy,Россия
RU000A10BZH8,RU000A10BZH8,Сбербанк 001Р-SBERD7,RUB,Financial,Россия
RU000A103G00,RU000A103G00,Синара Транспортные Машины 1P2,RUB,Industrials,Россия
RU000A10EJZ8,RU000A10EJZ8,ЭкоНива 001P-01,RUB,Other,Россия
RU000A10EE87,RU000A10EE87,АФК Система БО 002Р-12,RUB,Financial,Россия
RU000A10B313,RU000A10B313,Брусника 002Р-05,RUB,RealEstate,Россия
RU000A109NF7,RU000A109NF7,ЯТЭК 001Р-04,RUB,Energy,Россия
RU000A10C8A4,RU000A10C8A4,Полипласт П02-БО-08,RUB,Materials,
RU000A10B0R6,RU000A10B0R6,Кокс 001P-02,RUB,Materials,Россия
RU000A106UW3,RU000A106UW3,Каршеринг Руссия 001P-03,RUB,IT,Россия
RU000A10CQ93,RU000A10CQ93,КАМАЗ БО-П17,RUB,Industrials,Россия
RU000A109TG2,RU000A109TG2,Каршеринг Руссия 001P-04,RUB,IT,Россия
RU000A109HX2,RU000A109HX2,ВУШ БО 001P-03,RUB,Industrials,Россия
RU000A10D3K3,RU000A10D3K3,Почта России 003P-02,RUB,Other,Россия
RU000A10DUQ6,RU000A10DUQ6,Балтийский лизинг БО-П22,RUB,Financial,Россия
RU000A10BS76,RU000A10BS76,ВУШ БО 001P-04,RUB,Industrials,
RU000A10BAP4,RU000A10BAP4,Эталон-Финанс 002Р-03,RUB,RealEstate,Россия
RU000A10B1Q6,RU000A10B1Q6,Джи-групп 002P-06,RUB,RealEstate,Россия
RU000A10BFX7,RU000A10BFX7,ГК Самолет БО-П16,RUB,RealEstate,Россия
RU000A108GN7,RU000A108GN7,АФК Система БО 001Р-30,RUB,Financial,Россия
RU000A10AS28,RU000A10AS28,Биннофарм Групп 001Р-04,RUB,HealthCare,
RU000A10F512,RU000A10F512,Каршеринг Руссия 001Р-08,RUB,IT,Россия
RU000A10ASE2,RU000A10ASE2,РОЛЬФ БО 001Р-07,RUB,Consumer,
RU000A10ER66,RU000A10ER66,ФосАгро БО-02-06,RUB,Materials,Россия
RU000A10A9Z1,RU000A10A9Z1,Магнит БО-004Р-05,RUB,Consumer,Россия
RU000A10B3Q2,RU000A10B3Q2,Биннофарм Групп 001Р-05,RUB,HealthCare,Россия
RU000A103QH9,RU000A103QH9,Эталон-Финанс БО-П03,RUB,RealEstate,Россия
RU000A10C6F7,RU000A10C6F7,ГТЛК БО 002P-09,RUB,Financial,Россия
RU000A106FR4,RU000A106FR4,Автодор БО-005Р-01,RUB,Industrials,Россия
RU000A10F751,RU000A10F751,Ульяновская область 34013,RUB,Municipal,Россия
RU000A10ETQ6,RU000A10ETQ6,Промсвязьбанк 004P-02,RUB,Financial,Россия
RU000A10ECY6,RU000A10ECY6,Электрорешения 001Р-03,RUB,Other,Россия
RU000A107UU5,RU000A107UU5,Брусника 002Р-02,RUB,RealEstate,Россия
RU000A10DPW4,RU000A10DPW4,АФК Система БО 002Р-06,RUB,Financial,Россия
RU000A108VW7,RU000A108VW7,РУСАЛ БО-001P-09,RUB,Materials,Россия
RU000A10BY52,RU000A10BY52,Каршеринг Руссия 001P-06,RUB,IT,Россия
RU000A10BQF1,RU000A10BQF1,Гидромашсервис 001Р-03,RUB,Consumer,Россия
RU000A106565,RU000A106565,Газпром нефть БО 003P-06R,RUB,Energy,Россия
RU000A10BM56,RU000A10BM56,АПРИ БО-002Р-10,RUB,RealEstate,
RU000A10E6D0,RU000A10E6D0,ВУШ БО 001P-05,RUB,Industrials,Россия
RU000A1077X0,RU000A1077X0,Интерлизинг 001Р-07,RUB,Financial,Россия
RU000A10EA08,RU000A10EA08,Софтлайн 002Р-02,RUB,IT,Россия
RU000A10ATR2,RU000A10ATR2,Глоракс 001P-03,RUB,RealEstate,
RU000A10BFP3,RU000A10BFP3,МВ Финанс 001Р-06,RUB,Consumer,Россия
RU000A10AS02,RU000A10AS02,ТГК-14 001Р-05,RUB,Utilities,Россия
RU000A106HB4,RU000A106HB4,ВУШ БО 001P-02,RUB,Industrials,Россия
RU000A0JWYJ0,RU000A0JWYJ0,ГК Самолет 01,RUB,RealEstate,Россия
RU000A10DMS9,RU000A10DMS9,Ямало-Ненецкий АО 34005,RUB,Other,Россия
RU000A10DZK8,RU000A10DZK8,Полипласт П02-БО-13,RUB,Materials,Россия
RU000A100N12,RU000A100N12,АФК Система БО 001P-11,RUB,Financial,Россия
RU000A10C741,RU000A10C741,Кокс 001P-04,RUB,Materials,Россия
RU000A108GL1,RU000A108GL1,АФК Система БО 001Р-29,RUB,Financial,Россия
RU000A10BTC2,RU000A10BTC2,Ростелеком 001P-18R,RUB,Telecom,Россия
RU000A109JZ3,RU000A109JZ3,РУСАЛ БО-001P-10,RUB,Materials,Россия
RU000A105L27,RU000A105L27,АФК Система БО 001Р-24,RUB,Financial,Россия
RU000A1098F3,RU000A1098F3,АФК Система БО 001Р-31,RUB,Financial,Россия
RU000A10D616,RU000A10D616,Балтийский лизинг БО-П20,RUB,Financial,Россия
RU000A109X37,RU000A109X37,Сбербанк 001Р-SBERD3,RUB,Financial,Россия
RU000A10AYW2,RU000A10AYW2,Полипласт П02-БО-02,RUB,Materials,Россия
RU000A104XR2,RU000A104XR2,Автодор БО-003Р-02,RUB,Industrials,Россия
RU000A10CG79,RU000A10CG79,МСП Банк 003P-02,RUB,Financial,Россия
RU000A10ESF1,RU000A10ESF1,ФДВ Факторинг 001P-01,RUB,Financial,Россия
RU000A10BQB0,RU000A10BQB0,ГТЛК БО 002P-08,RUB,Financial,Россия
RU000A10AS85,RU000A10AS85,Сбербанк 001Р-SBERD4,RUB,Financial,Россия
RU000A105WP5,RU000A105WP5,ВымпелКом 001Р-07,RUB,Telecom,Россия
RU000A10BFJ6,RU000A10BFJ6,Полипласт П02-БО-04,RUB,Materials,
RU000A10B8X7,RU000A10B8X7,ДАРС-Девелопмент 001Р-03,RUB,RealEstate,Россия
RU000A109551,RU000A109551,Балтийский лизинг БО-П12,RUB,Financial,Россия
RU000A109SP5,RU000A109SP5,Эталон-Финанс 002P-02,RUB,RealEstate,Россия
RU000A10ADD6,RU000A10ADD6,НСКАТД БО-02,RUB,Other,Россия
RU000A107SA1,RU000A107SA1,ЛК Роделен БО 002P-02,RUB,Financial,Россия
RU000A105TY3,RU000A105TY3,ВымпелКом 001Р-06,RUB,Telecom,Россия
RU000A10ASW4,RU000A10ASW4,КАМАЗ БО-П14,RUB,Industrials,Россия
RU000A106631,RU000A106631,АПРИ БО-002Р-02,RUB,RealEstate,Россия
RU000A10C329,RU000A10C329,Промомед ДМ 002P-02,RUB,HealthCare,Россия
RU000A10EG28,RU000A10EG28,Медси ГК 001P-04,RUB,HealthCare,Россия
RU000A10B4A4,RU000A10B4A4,Интерлизинг 001Р-11,RUB,Financial,
RU000A10EN29,RU000A10EN29,КАМАЗ БО-П22,RUB,Industrials,Россия
RU000A10BGU1,RU000A10BGU1,Первое клиентское бюро 001Р-07,RUB,Financial,Россия
RU000A10BP87,RU000A10BP87,ПИР БО-03-001P,RUB,Industrials,
RU000A108405,RU000A108405,Хромос Инжиниринг БО-01,RUB,Other,Россия
RU000A10CKY3,RU000A10CKY3,Группа ЛСР БО 001Р-11,RUB,RealEstate,Россия
RU000A10AXP8,RU000A10AXP8,ВсеИнструменты.ру 001Р-04,RUB,Consumer,Россия
RU000A10DA66,RU000A10DA66,Газпром нефть 005P-02R,RUB,Energy,Россия
RU000A10CCG7,RU000A10CCG7,Каршеринг Руссия 001P-07,RUB,IT,Россия
RU000A10AUG3,RU000A10AUG3,АПРИ БО-002Р-07,RUB,RealEstate,Россия
RU000A0ZYNY4,RU000A0ZYNY4,ГТЛК 001P-07,RUB,Financial,Россия
RU000A10DQ68,RU000A10DQ68,Село Зелёное 001Р-02,RUB,Consumer,Россия
RU000A10CU48,RU000A10CU48,АФК Система БО 002Р-04,RUB,Financial,Россия
RU000A10DJH8,RU000A10DJH8,ПКТ 002P-01,RUB,Industrials,Россия
RU000A10E630,RU000A10E630,Газпром нефть 005P-04R,RUB,Energy,Россия
RU000A10DG86,RU000A10DG86,ТрансКонтейнер П02-02,RUB,Industrials,Россия
RU000A10B0E4,RU000A10B0E4,Сбербанк 001Р-SBERD5,RUB,Financial,Россия
RU000A10CL07,RU000A10CL07,Магнит БО-004Р-09,RUB,Consumer,Россия
RU000A107C34,RU000A107C34,АйДи Коллект 06,RUB,Financial,Россия
RU000A107TB7,RU000A107TB7,Боржоми Финанс 001P-02,RUB,Other,Россия
RU000A10DP93,RU000A10DP93,КАМАЗ БО-П18,RUB,Industrials,Россия
RU000A10EQ34,RU000A10EQ34,Авто Финанс Банк БО-001Р-18,RUB,Financial,Россия
RU000A10EJA1,RU000A10EJA1,Газпром нефть 005P-05R,RUB,Energy,Россия
RU000A10EXZ9,RU000A10EXZ9,Озон 1P-02,RUB,Consumer,Россия
RU000A10DZU7,RU000A10DZU7,А101 БО-001Р-02,RUB,RealEstate,Россия
RU000A109981,RU000A109981,Джи-групп 002P-05,RUB,RealEstate,Россия
RU000A10CQ77,RU000A10CQ77,КАМАЗ БО-П16,RUB,Industrials,Россия
RU000A109JY6,RU000A109JY6,РУСАЛ БО-001P-11,RUB,Materials,Россия
RU000A10DRF5,RU000A10DRF5,Газпром нефть 005P-03R,RUB,Energy,Россия
RU000A10CP78,RU000A10CP78,Банк ПСБ 004P-01,RUB,Financial,Россия
RU000A109LG9,RU000A109LG9,Сбербанк 001Р-SBERD2,RUB,Financial,Россия
RU000A10BQX4,RU000A10BQX4,Россети Северо-Запад 001Р-01,RUB,Utilities,
RU000A10D3C0,RU000A10D3C0,РусГидро БО-002Р-08,RUB,Utilities,Россия
RU000A10EA40,RU000A10EA40,ГК Азот 001Р-02,RUB,Other,Россия
RU000A10DCK7,RU000A10DCK7,АБЗ-1 002P-04,RUB,Industrials,Россия
RU000A106F08,RU000A106F08,МИКРАН НПФ БО-01,RUB,Industrials,Россия
RU000A108TU5,RU000A108TU5,Джи-групп 002P-04,RUB,RealEstate,Россия
RU000A10BZT3,RU000A10BZT3,Биннофарм Групп 001Р-06,RUB,HealthCare,Россия
RU000A107QL2,RU000A107QL2,Бизнес Альянс 001P-03,RUB,Financial,Россия
RU000A10E6U4,RU000A10E6U4,ГК Самолет БО-П19,RUB,RealEstate,Россия
RU000A107084,RU000A107084,Газпром капитал БО-002Р-10,RUB,Energy,Россия
RU000A10C2E9,RU000A10C2E9,Аэрофьюэлз 002Р-05,RUB,Energy,
RU000A101TB0,RU000A101TB0,ВЭБ.РФ ПБО-001Р-19,RUB,Financial,Россия
RU000A10B7W1,RU000A10B7W1,Р-Вижн 001Р-02,RUB,IT,Россия
RU000A10C2L4,RU000A10C2L4,Сэтл Групп БО 002P-06,RUB,RealEstate,Россия
RU000A10BW88,RU000A10BW88,АйДи Коллект 001P-05,RUB,Financial,
RU000A10B7H2,RU000A10B7H2,Аптечная сеть 36.6 002P-02,RUB,Consumer,Россия
RU000A105VU7,RU000A105VU7,Эталон-Финанс 002Р-01,RUB,RealEstate,Россия
RU000A106MW0,RU000A106MW0,ТГК-14 001Р-02,RUB,Utilities,Россия
RU000A10B4X6,RU000A10B4X6,СИБУР Холдинг 001Р-06,RUB,Energy,
RU000A10C7C2,RU000A10C7C2,Алтимейт Эдьюкейшн БО-П01,RUB,Other,Россия
RU000A10DYC8,RU000A10DYC8,ФПК 002Р-01,RUB,Industrials,Россия
RU000A10EKY9,RU000A10EKY9,ЭкоНива 001P-02,RUB,Other,Россия
RU000A104W33,RU000A104W33,Почта России БО-002P-03,RUB,Other,Россия
RU000A106FV6,RU000A106FV6,РСХБ БO-12-002P,RUB,Financial,Россия
RU000A10BFK4,RU000A10BFK4,Новые Технологии 001Р-05,RUB,Materials,
RU000A10BYZ3,RU000A10BYZ3,Медскан 001Р-01,RUB,HealthCare,Россия
RU000A100PB0,RU000A100PB0,ЖКХ Якутии БО-01,RUB,Utilities,Россия
RU000A1008Y3,RU000A1008Y3,Почта России БО-001P-07,RUB,Other,Россия
RU000A10DEM9,RU000A10DEM9,СтройДорСервис БО-01,RUB,Other,Россия
RU000A10B0Z9,RU000A10B0Z9,ЭР-Телеком Холдинг ПБО-02-09,RUB,Telecom,Россия
RU000A10B1N3,RU000A10B1N3,МТС 002P-07,RUB,Telecom,Россия
RU000A0JXN05,RU000A0JXN05,РЖД БО-001P-01R,RUB,Industrials,Россия
RU000A107746,RU000A107746,Т-Банк TCS-perp2,RUB,Financial,Россия
RU000A10DLE1,RU000A10DLE1,Газпром капитал БО-003Р-07,RUB,Energy,Россия
RU000A107DS5,RU000A107DS5,МБЭС 002P-02,RUB,Financial,Россия
RU000A10CM14,RU000A10CM14,Росинтер Холдинг БО-01,RUB,Consumer,Россия
RU000A1013P1,RU000A1013P1,ВЭБ.РФ ПБО-001Р-18,RUB,Financial,Россия
RU000A103AT8,RU000A103AT8,Атомэнергопром 001Р-01,RUB,Energy,Россия
RU000A10ESM7,RU000A10ESM7,МТС 002Р-18,RUB,Telecom,Россия
RU000A107E81,RU000A107E81,Биннофарм Групп 001Р-03,RUB,HealthCare,Россия
RU000A10D459,RU000A10D459,МТС 002P-13,RUB,Telecom,Россия
RU000A10CM71,RU000A10CM71,Айдеко БО-01,RUB,IT,Россия
RU000A107SM6,RU000A107SM6,АФК Система БО 001Р-28,RUB,Financial,Россия
RU000A106AT1,RU000A106AT1,Газпром капитал БО-001Р-06,RUB,Energy,Россия
RU000A10E9Z7,RU000A10E9Z7,Воксис 001Р-02,RUB,Other,Россия
RU000A0JXPG2,RU000A0JXPG2,ГТЛК 001P-04,RUB,Financial,Россия
RU000A10D3G1,RU000A10D3G1,Гельтек-Медика БО-01,RUB,Other,Россия
RU000A10C5Y0,RU000A10C5Y0,ИКС 5 Финанс 003P-13,RUB,Consumer,Россия
RU000A10CZ43,RU000A10CZ43,ИЭК Холдинг 001Р-04,RUB,Other,Россия
RU000A10DLV5,RU000A10DLV5,ГМК Норникель БО-001Р-16,RUB,Materials,Россия
RU000A108ZH9,RU000A108ZH9,Славнефть БО 002Р-05,RUB,Energy,Россия
RU000A1087G4,RU000A1087G4,МФК ПСБ Финан 002Р-01,RUB,Financial,Россия
RU000A109TW9,RU000A109TW9,ГМК Норникель БО-10,RUB,Materials,Россия
RU000A10ECX8,RU000A10ECX8,Полипласт П02-БО-14,RUB,Materials,Россия
RU000A10DZT9,RU000A10DZT9,А101 БО-001Р-03,RUB,RealEstate,Россия
RU000A101XN7,RU000A101XN7,АФК Система БО 001P-14,RUB,Financial,Россия
RU000A105TP1,RU000A105TP1,Магнит БО-004Р-03,RUB,Consumer,Россия
RU000A0JUAH8,RU000A0JUAH8,РЖД 30,RUB,Industrials,Россия
RU000A107DP1,RU000A107DP1,Россети Московский регион БО1Р05,RUB,Utilities,Россия
RU000A106P06,RU000A106P06,Восточная Стивидорная Компания 1P-04R,RUB,Industrials,Россия
RU000A0ZYQY7,RU000A0ZYQY7,АФК Система БО-001P-07,RUB,Financial,Россия
RU000A106Z38,RU000A106Z38,Джи-групп 002P-03,RUB,RealEstate,Россия
RU000A10DBV6,RU000A10DBV6,Уралкуз 001Р-03,RUB,Industrials,Россия
RU000A10CTH9,RU000A10CTH9,Полипласт П02-БО-11,RUB,Materials,Россия
RU000A105R62,RU000A105R62,Газпром капитал ЗО28-1-Д,RUB,Energy,Россия
RU000A10AZG2,RU000A10AZG2,КЛВЗ Кристалл 001P-02,RUB,Consumer,Россия
RU000A10DTS4,RU000A10DTS4,Совкомбанк Лизинг БО-П17,RUB,Financial,Россия
RU000A10DMP5,RU000A10DMP5,Банк ГПБ БО 006Р-04P,RUB,Financial,Россия
RU000A0ZZZ17,RU000A0ZZZ17,Нижнекамскнефтехим 001Р-01,RUB,Materials,Россия
RU000A102SX4,RU000A102SX4,АФК Система БО 001P-19,RUB,Financial,Россия
RU000A10DM96,RU000A10DM96,Россети БО 001P-19R,RUB,Utilities,Россия
RU000A103C95,RU000A103C95,АФК Система БО 001P-21,RUB,Financial,Россия
RU000A106SF2,RU000A106SF2,Интерлизинг 001Р-06,RUB,Financial,Россия
RU000A10EXJ3,RU000A10EXJ3,Мэйл.Ру Финанс 001P-02,RUB,Telecom,Россия
RU000A10AEF9,RU000A10AEF9,ТГК-14 001Р-03,RUB,Utilities,Россия
RU000A101Z74,RU000A101Z74,Банк ГПБ БО 001Р-17Р,RUB,Financial,Россия
RU000A0ZYU05,RU000A0ZYU05,РЖД БО 001Р-05R,RUB,Industrials,Россия
RU000A1008J4,RU000A1008J4,АФК Система БО 001P-10,RUB,Financial,Россия
RU000A10BQV8,RU000A10BQV8,Инвест КЦ 001P-01,RUB,Other,Россия
RU000A10EPQ4,RU000A10EPQ4,Автодор ГК БО-005Р-16,RUB,Industrials,Россия
RU000A10E283,RU000A10E283,Хромос Инжиниринг БО-04,RUB,Other,Россия
RU000A10B3T6,RU000A10B3T6,ИЭК Холдинг 001P-03,RUB,Other,Россия
RU000A108447,RU000A108447,Росагролизинг 001P-05,RUB,Financial,Россия
RU000A10ETL7,RU000A10ETL7,Ростелеком 001P-25R,RUB,Telecom,Россия
RU000A106Z46,RU000A106Z46,АФК Система БО 001Р-26,RUB,Financial,Россия
RU000A1064Y6,RU000A1064Y6,СУЭК-Финанс 001Р-07R,RUB,Industrials,Россия
RU000A10EK71,RU000A10EK71,Борец Капитал 001Р-05,RUB,Energy,Россия
RU000A10EKZ6,RU000A10EKZ6,Р-Вижн 001Р-03,RUB,IT,Россия
RU000A107X96,RU000A107X96,ВЭБ.РФ ПБО-002Р-40,RUB,Financial,Россия
RU000A10DCE0,RU000A10DCE0,Воксис 001Р-01,RUB,Other,Россия
RU000A101QL5,RU000A101QL5,ГТЛК БО 001P-17,RUB,Financial,Россия
RU000A102VR0,RU000A102VR0,ГТЛК БО 002P-01,RUB,Financial,Россия
RU000A10DF38,RU000A10DF38,СФО ВТБ РКС Эталон 07,RUB,Financial,Россия
RU000A0ZYLG5,RU000A0ZYLG5,Роснефть 002P-03,RUB,Energy,Россия
RU000A107QM0,RU000A107QM0,Бизнес Альянс 001P-04,RUB,Financial,Россия
RU000A10E739,RU000A10E739,Ростелеком 001P-22R,RUB,Telecom,Россия
RU000A107605,RU000A107605,Газпром нефть БО 003P-07R,RUB,Energy,Россия
RU000A108AL4,RU000A108AL4,Интерлизинг 001Р-08,RUB,Financial,Россия
RU000A107A28,RU000A107A28,Банк ГПБ БО 005Р-01Р,RUB,Financial,Россия
RU000A10A8H1,RU000A10A8H1,РусГидро БО-002Р-04,RUB,Utilities,Россия
RU000A10DY92,RU000A10DY92,АЛРОСА 002Р-01,RUB,Materials,Россия
RU000A10EMM0,RU000A10EMM0,Совком Взыскание 01,RUB,Financial,Россия
RU000A10ENS5,RU000A10ENS5,Металлоинвест 002P-05,RUB,Industrials,Россия
RU000A102FT9,RU000A102FT9,АФК Система БО 001P-17,RUB,Financial,Россия
RU000A104WF9,RU000A104WF9,Славнефть БО 002Р-04,RUB,Energy,Россия
RU000A10DJ18,RU000A10DJ18,Борец Капитал 001Р-03,RUB,Energy,Россия
RU000A107AW3,RU000A107AW3,Аэрофьюэлз-002Р-02,RUB,Energy,Россия
RU000A10C6M3,RU000A10C6M3,Уральская кузница 001Р-01,RUB,Other,
RU000A101ZH4,RU000A101ZH4,Почта России БО-001P-10,RUB,Other,Россия
RU000A106607,RU000A106607,Ульяновская область 34005,RUB,Municipal,Россия
RU000A109NM3,RU000A109NM3,РЕГИОНСПЕЦТРАНС-01,RUB,Other,Россия
RU000A10B3Y6,RU000A10B3Y6,ВсеИнструменты.ру 001Р-06,RUB,Consumer,Россия
RU000A100ET6,RU000A100ET6,ДОМ.РФ 001Р-06R,RUB,Financial,Россия
RU000A10DP51,RU000A10DP51,ГТЛК БО 002P-11,RUB,Financial,Россия
RU000A101CQ4,RU000A101CQ4,СУЭК-Финанс 001Р-05R,RUB,Industrials,Россия
RU000A10EK06,RU000A10EK06,Сэтл Групп БО 002P-07,RUB,RealEstate,Россия
RU000A105KR6,RU000A105KR6,Восточная Стивидорная Компания 1P-03R,RUB,Industrials,Россия
RU000A10BQH7,RU000A10BQH7,АйДи Коллект 001P-04,RUB,Financial,Россия
RU000A102LF6,RU000A102LF6,Пионер-Лизинг БО-П04,RUB,Financial,Россия
RU000A108Z93,RU000A108Z93,ВТБ Лизинг 001Р-МБ-01,RUB,Other,Россия
RU000A10B4J5,RU000A10B4J5,Полипласт П02-БО-03,RUB,Materials,Россия
RU000A10BRR4,RU000A10BRR4,РусГидро БО-002Р-06,RUB,Utilities,
RU000A10DT08,RU000A10DT08,Газпром капитал БО-003Р-20,RUB,Energy,Россия
RU000A108U72,RU000A108U72,Первое клиентское бюро 001Р-05,RUB,Financial,Россия
RU000A10BTT6,RU000A10BTT6,Универсальная лизинговая компания УЛК 001Р-01,RUB,Other,
RU000A108GR8,RU000A108GR8,Ростелеком 001P-07R,RUB,Telecom,Россия
RU000A10BUK3,RU000A10BUK3,ИКС 5 Финанс 003P-12,RUB,Consumer,
RU000A10E2B3,RU000A10E2B3,Совком Экспресс 001P-01,RUB,Financial,Россия
RU000A105MP6,RU000A105MP6,Домодедово Фьюэл Фасилитис 002Р-01,RUB,Industrials,Россия
RU000A106LL5,RU000A106LL5,ВЭБ.РФ ПБО-002Р-37,RUB,Financial,Россия
RU000A104A39,RU000A104A39,ИНК-Капитал 001Р-01,RUB,Materials,Россия
RU000A10DQK7,RU000A10DQK7,АБЗ-1 002P-05,RUB,Industrials,Россия
RU000A10CZC7,RU000A10CZC7,Аэрофьюэлз002Р-06,RUB,Energy,Россия
RU000A105X80,RU000A105X80,ВымпелКом 001Р-08,RUB,Telecom,Россия
RU000A105KB0,RU000A105KB0,ГТЛК БО 002P-02,RUB,Financial,Россия
RU000A10DDU4,RU000A10DDU4,Магнит БО-005Р-04,RUB,Consumer,Россия
RU000A10DFN4,RU000A10DFN4,МТС 002Р-14,RUB,Telecom,Россия
RU000A0ZZY59,RU000A0ZZY59,Россельхозбанк 11В1,RUB,Financial,Россия
RU000A0ZYT40,RU000A0ZYT40,Роснефть 002P-04,RUB,Energy,Россия
RU000A107GJ7,RU000A107GJ7,ВсеИнструменты.ру 001Р-01,RUB,Consumer,Россия
RU000A10EBE0,RU000A10EBE0,Ростелеком 001P-23R,RUB,Telecom,Россия
RU000A10ERV0,RU000A10ERV0,Магнит БО-006Р-02,RUB,Consumer,Россия
RU000A10ES57,RU000A10ES57,Газпром капитал БО-003Р-24,RUB,Energy,Россия
RU000A106R53,RU000A106R53,Автодор БО-005Р-03,RUB,Industrials,Россия
RU000A10DPB8,RU000A10DPB8,КАМАЗ БО-П19,RUB,Industrials,Россия
RU000A10E7W8,RU000A10E7W8,Металлоинвест 002P-04,RUB,Industrials,Россия
RU000A107GV2,RU000A107GV2,Совкомбанк Лизинг 001Р-01,RUB,Industrials,Россия
RU000A107ST1,RU000A107ST1,Аренза-Про 001P-04,RUB,Financial,Россия
RU000A1040E8,RU000A1040E8,Цифра брокер П01-02,RUB,Financial,Россия
RU000A10CSX8,RU000A10CSX8,ИКС 5 Финанс 003P-14,RUB,Consumer,Россия
RU000A102952,RU000A102952,ВИС ФИНАНС БО-П01,RUB,Financial,Россия
RU000A107GX8,RU000A107GX8,АФК Система БО 001Р-27,RUB,Financial,Россия
RU000A109KC0,RU000A109KC0,ИКС 5 Финанс 003P-06,RUB,Consumer,Россия
RU000A10EW44,RU000A10EW44,Полюс ПБО-05,RUB,Materials,Россия
RU000A101Q26,RU000A101Q26,АФК Система БО 001P-13,RUB,Financial,Россия
RU000A10C5T0,RU000A10C5T0,Гидромашсервис 001Р-04,RUB,Consumer,Россия
RU000A107GU4,RU000A107GU4,МФК Быстроденьги 002Р-04,RUB,Financial,Россия
RU000A10B3S8,RU000A10B3S8,Аэрофьюэлз-002Р-04,RUB,Energy,Россия
RU000A107CX7,RU000A107CX7,ГТЛК ЗО28-Д,RUB,Financial,Россия
RU000A10BQ03,RU000A10BQ03,Спектр БО-02,RUB,Other,Россия
RU000A10F6G2,RU000A10F6G2,Первое клиентское бюро 001Р-11,RUB,Financial,Россия
RU000A10C5P8,RU000A10C5P8,ПИР БО-04-001P,RUB,Industrials,Россия
BYM000002410,BYM000002410,Республика Беларусь 344 24.02.2031,RUB,Government,Беларусь
RU000A108KU4,RU000A108KU4,А101 БО-001Р-01,RUB,RealEstate,Россия
RU000A109DV5,RU000A109DV5,Интерлизинг 001Р-09,RUB,Financial,Россия
RU000A101QN1,RU000A101QN1,Газпром капитал БО-001Р-04,RUB,Energy,Россия
RU000A105DL4,RU000A105DL4,Новые Технологии БO-01,RUB,Materials,Россия
RU000A109KW8,RU000A109KW8,Нижнекамскнефтехим 001P-03,RUB,Materials,Россия
RU000A0ZYVU5,RU000A0ZYVU5,Роснефть 002P-05,RUB,Energy,Россия
RU000A10AEG7,RU000A10AEG7,Полипласт П02-БО-01,RUB,Materials,Россия
RU000A10B4U2,RU000A10B4U2,СИБУР Холдинг 001Р-04,RUB,Energy,Россия
RU000A10B2X0,RU000A10B2X0,Синара Транспортные Машины1P5,RUB,Industrials,Россия
RU000A10CH11,RU000A10CH11,Полипласт П02-БО-09,RUB,Materials,Россия
RU000A10DJY3,RU000A10DJY3,ПР-Лизинг 003Р-01,RUB,Other,Россия
RU000A108N55,RU000A108N55,Альфа-Банк ЗО-500,RUB,Financial,Россия
RU000A10EAM5,RU000A10EAM5,ГТЛК БО 001P-22,RUB,Financial,Россия
RU000A107AM4,RU000A107AM4,Альфа-Банк Б2Р25,RUB,Financial,Россия
RU000A10DSY4,RU000A10DSY4,Совко Капитал 001Р-01,RUB,Financial,Россия
RU000A10BQK1,RU000A10BQK1,СФО ВТБ РКС Эталон 05,RUB,Financial,Россия
RU000A0JX5W4,RU000A0JX5W4,Альфа-Банк БО-18,RUB,Financial,Россия
RU000A105GW4,RU000A105GW4,Банк ГПБ БО 001Р-22Р,RUB,Energy,Россия
RU000A1087A7,RU000A1087A7,ЭР-Телеком Холдинг ПБО-02-06,RUB,Telecom,Россия
RU000A10EQ75,RU000A10EQ75,ЕвразХолдинг Финанс 003P-06,RUB,Materials,Россия
RU000A108CC9,RU000A108CC9,Первое клиентское бюро 001Р-04,RUB,Financial,Россия
RU000A104SX0,RU000A104SX0,РЖД БО 001Р-24R,RUB,Industrials,Россия
RU000A10DCJ9,RU000A10DCJ9,Ростелеком 001P-21R,RUB,Telecom,Россия
RU000A101FG8,RU000A101FG8,Ростелеком 002P-02R,RUB,Telecom,Россия
RU000A105104,RU000A105104,РУСАЛ БО-05,CNY,Materials,Россия
RU000A109312,RU000A109312,МТС 002P-06,RUB,Telecom,Россия
RU000A10ET56,RU000A10ET56,Россети Сибирь 001Р-01,RUB,Utilities,Россия
RU000A103NU9,RU000A103NU9,Автодор БО-004Р-01,RUB,Industrials,Россия
RU000A0JXQK2,RU000A0JXQK2,Роснефть 001P-04,RUB,Energy,Россия
RU000A1023K1,RU000A1023K1,АФК Система БО 001P-15,RUB,Financial,Россия
RU000A10E5X0,RU000A10E5X0,РусГидро БО-002Р-11,RUB,Utilities,Россия
RU000A10DBZ7,RU000A10DBZ7,Акрон БО-002P-01,RUB,Materials,Россия
RU000A10B8C1,RU000A10B8C1,МФК Лайм-Займ 05,RUB,Financial,Россия
RU000A104693,RU000A104693,АФК Система БО 001P-23,RUB,Financial,Россия
RU000A107D58,RU000A107D58,ГТЛК ЗО29-Д,RUB,Financial,Россия
RU000A108QA3,RU000A108QA3,МегаФон БО-002P-04,RUB,Telecom,Россия
RU000A109VJ2,RU000A109VJ2,ВсеИнструменты.ру 001Р-02,RUB,Consumer,Россия
RU000A109VM6,RU000A109VM6,КАМАЗ БО-П13,RUB,Industrials,Россия
RU000A10E8N5,RU000A10E8N5,МТС 002Р-16,RUB,Telecom,Россия
RU000A10EDW8,RU000A10EDW8,Магнит БО-006Р-01,RUB,Consumer,Россия
RU000A1075J3,RU000A1075J3,РЕСО-Лизинг БО-02П-05,RUB,Financial,Россия
RU000A106K27,RU000A106K27,Медси ГК 001P-03,RUB,HealthCare,Россия
RU000A0JXPN8,RU000A0JXPN8,Ростелеком 001P-02R,RUB,Telecom,Россия
RU000A107738,RU000A107738,Т-Банк TCS-perp1,RUB,Financial,Россия
RU000A10FBG2,RU000A10FBG2,Трансмашхолдинг ПБО-08,RUB,Industrials,Россия
RU000A100FE5,RU000A100FE5,ГТЛК БО 001P-14,RUB,Financial,Россия
RU000A10DJR7,RU000A10DJR7,РЖД БО 001P-49R,RUB,Industrials,
RU000A0JTU85,RU000A0JTU85,РЖД 28,RUB,Industrials,Россия
RU000A109VK0,RU000A109VK0,ВсеИнструменты.ру 001Р-03,RUB,Consumer,Россия
RU000A0ZZGT5,RU000A0ZZGT5,РЖД БО 001Р-08R,RUB,Industrials,Россия
RU000A10BW39,RU000A10BW39,Воксис 03,RUB,Other,
RU000A101012,RU000A101012,АФК Система БО 001P-12,RUB,Financial,Россия
RU000A10DEQ0,RU000A10DEQ0,Полипласт П02-БО-12,RUB,Materials,Россия
RU000A10CLD5,RU000A10CLD5,МСБ-Лизинг 003P-06,RUB,Financial,Россия
RU000A10DCG5,RU000A10DCG5,ХК Новотранс 002P-02,RUB,Industrials,Россия
RU000A107TH4,RU000A107TH4,Альфа-Банк Б2Р26,RUB,Financial,Россия
RU000A10B4D8,RU000A10B4D8,Металлоинвест 001P-13,RUB,Industrials,Россия
RU000A1064G3,RU000A1064G3,Банк ГПБ БО 001Р-26Р,RUB,Energy,Россия
RU000A1079S6,RU000A1079S6,Металлоинвест 001P-06,RUB,Industrials,Россия
RU000A108LP2,RU000A108LP2,ФосАгро БО-П01-USD,RUB,Materials,Россия
RU000A10D483,RU000A10D483,Газпром нефть 005P-01R,RUB,Energy,Россия
RU000A10E6V2,RU000A10E6V2,ИКС 5 Финанс 003P-17,RUB,Consumer,Россия
RU000A10B2M3,RU000A10B2M3,МФК Быстроденьги 002Р-08,RUB,Financial,Россия
RU000A10BU07,RU000A10BU07,Полипласт П02-БО-06,RUB,Materials,
RU000A105112,RU000A105112,РУСАЛ БО-06,CNY,Materials,Россия
RU000A10D319,RU000A10D319,Уралкуз 001Р-02,RUB,Industrials,Россия
RU000A10C8K3,RU000A10C8K3,Воксис 04,RUB,Other,Россия
RU000A105GN3,RU000A105GN3,Борец Капитал ЗО-2026,RUB,Energy,Россия
RU000A1090N4,RU000A1090N4,Аэрофьюэлз-002Р-03,RUB,Energy,Россия
RU000A1087J8,RU000A1087J8,Газпром капитал БО-002Р-14,RUB,Energy,Россия
RU000A10EXK1,RU000A10EXK1,Мэйл.Ру Финанс 001P-03,RUB,Telecom,Россия
RU000A10EHC1,RU000A10EHC1,Гидромашсервис 002Р-01,RUB,Consumer,Россия
RU000A103N84,RU000A103N84,Россельхозбанк БO-14-002P,RUB,Financial,Россия
RU000A106P63,RU000A106P63,ФЭС-Агро 001Р-01,RUB,Consumer,Россия
RU000A10ES16,RU000A10ES16,ОДК 001P-02,RUB,Other,Россия
RU000A0JWV63,RU000A0JWV63,Россельхозбанк 08Т1,RUB,Financial,Россия
RU000A1057P8,RU000A1057P8,РусГидро БО-П06,RUB,Utilities,Россия
RU000A10EYG7,RU000A10EYG7,Полюс ПБО-06,RUB,Materials,Россия
RU000A10EMF4,RU000A10EMF4,Первое клиентское бюро 001Р-10,RUB,Financial,Россия
RU000A10EKX1,RU000A10EKX1,ЭнергоТехСервис 001Р-09,RUB,Industrials,Россия
RU000A10D3J5,RU000A10D3J5,Почта России 003P-01,RUB,Other,Россия
RU000A10E7Q0,RU000A10E7Q0,Альфа-Банк 002P-31,RUB,Financial,Россия
RU000A10ECW0,RU000A10ECW0,Полипласт П02-БО-15,RUB,Materials,Россия
RU000A10EVJ7,RU000A10EVJ7,Газпром нефть 005Р-06R,RUB,Energy,Россия
RU000A10EN60,RU000A10EN60,Ростелеком 001P-24R,RUB,Telecom,Россия
RU000A10BFM0,RU000A10BFM0,Газпром капитал БО-003Р-13,RUB,Energy,Россия
RU000A1059R0,RU000A1059R0,Лукойл ЗО-31,RUB,Energy,Россия
RU000A10DHV3,RU000A10DHV3,Инарктика 002Р-05,RUB,Consumer,Россия
RU000A103KJ8,RU000A103KJ8,Европлан 001P-03,RUB,Other,Россия
RU000A1007Z2,RU000A1007Z2,РЖД БО 001Р-13R,RUB,Industrials,Россия
RU000A10EER6,RU000A10EER6,ФосАгро БО-02-05,RUB,Materials,Россия
RU000A0ZZ1J8,RU000A0ZZ1J8,ГТЛК БО 001P-09,RUB,Financial,Россия
RU000A1057B8,RU000A1057B8,ЕАБР 003P-003,RUB,Financial,Казахстан
RU000A10BRM5,RU000A10BRM5,Акрон БО-001P-09,RUB,Materials,Россия
RU000A108BD9,RU000A108BD9,Альфа-Банк ЗО-400,RUB,Financial,Россия
BYM000002154,BYM000002154,Республика Беларусь 340 29.06.2027,RUB,Government,Беларусь
RU000A10BV55,RU000A10BV55,НОВАТЭК 001Р-04,RUB,Energy,
RU000A107JN3,RU000A107JN3,ТМК ЗО-2027,RUB,Materials,Россия
RU000A10E6T6,RU000A10E6T6,Акрон БО-002P-02,RUB,Materials,Россия
RU000A10C5F9,RU000A10C5F9,Группа Черкизово БО-002P-02,RUB,Consumer,Россия
RU000A10DE54,RU000A10DE54,Лид Капитал 001Р-01,RUB,Industrials,Россия
RU000A1089W7,RU000A1089W7,РЖД ЗО28-2-ФР,RUB,Industrials,Россия
RU000A108P61,RU000A108P61,Россети Московский регион БО1Р06,RUB,Utilities,Россия
RU000A102CK5,RU000A102CK5,Russia 2027 EUR,RUB,Government,Россия
RU000A103FY7,RU000A103FY7,ВЭБ.РФ ПБО-001Р-30В,RUB,Financial,Россия
RU000A102QJ7,RU000A102QJ7,Банк ВТБ СУБ-Т1-1,RUB,Financial,Россия
RU000A102CL3,RU000A102CL3,Russia 2032 EUR,RUB,Government,Россия
RU000A0JXU14,RU000A0JXU14,Russia 2047,RUB,Government,Россия
XS0767473852,XS0767473852,Russia 2042,RUB,Government,Россия
XS0971721963,XS0971721963,Russia 2043,RUB,Government,Россия
RU000A103S89,RU000A103S89,Банк ВТБ СУБ-Т1-8,RUB,Financial,Россия
RU000A10C6S0,RU000A10C6S0,ВЭБ.РФ ПБО-002Р-53,RUB,Financial,
RU000A10CTB2,RU000A10CTB2,Агроэко БО-001P-01,RUB,Other,Россия
MGKL1P2,RU000A10EG10,МГКЛ 001PS-02,RUB,Financial,Россия
RU000A10D9J2,RU000A10D9J2,ВЭБ.РФ ПБО-002Р-52,RUB,Financial,Россия
RU000A100881,RU000A100881,Ростелеком 001P-05R,RUB,Telecom,Россия
RU000A10ERC0,RU000A10ERC0,АПРИ БО-002Р-14,RUB,RealEstate,Россия
MGKL1P1,RU000A10DTC8,МГКЛ 001PS-01,RUB,Financial,Россия
RU000A10FBB3,RU000A10FBB3,Легенда БО 002P-07,RUB,Consumer,Россия
RU000A10DB16,RU000A10DB16,Оил Ресурс 001P-03,RUB,Energy,Россия
RU000A10F6Y5,RU000A10F6Y5,Брусника 002Р-08,RUB,RealEstate,Россия
RU000A10C8H9,RU000A10C8H9,Оил Ресурс 001P-02,RUB,Energy,Россия
RU000A10BQ78,RU000A10BQ78,Компания Симпл 001Р-04,RUB,Other,
RU000A10AHU1,RU000A10AHU1,Оил Ресурс 001P-01,RUB,Energy,Россия
RU000A10EYU8,RU000A10EYU8,ВУШ БО 001P-06,RUB,Industrials,Россия
RU000A10C8F3,RU000A10C8F3,Брусника 002Р-04,RUB,RealEstate,Россия
RU000A101SC0,RU000A101SC0,ГТЛК БО 001P-18,RUB,Financial,Россия
RU000A10E5C4,RU000A10E5C4,АПРИ БО-002Р-13,RUB,RealEstate,Россия
RU000A101S16,RU000A101S16,Республика Казахстан 13,RUB,Government,Казахстан
RU000A10FD46,RU000A10FD46,Ред Софт БО 002Р-06,RUB,IT,Россия
RU000A101S08,RU000A101S08,Республика Казахстан 12,RUB,Government,Казахстан
RU000A107W71,RU000A107W71,Солид-Лизинг БО-02,RUB,Financial,Россия
RU000A10CB66,RU000A10CB66,Сегежа 003P-06R,RUB,Materials,Россия
RU000A10CLX3,RU000A10CLX3,Уральская Сталь БО 001Р-05,RUB,Materials,Россия
RU000A10E747,RU000A10E747,ГК Сегежа 003P-10R,RUB,Materials,Россия
RU000A10FBK4,RU000A10FBK4,Арлифт 001Р-02,RUB,Industrials,Россия
RU000A10F0X0,RU000A10F0X0,ТД РКС 002Р-08,RUB,Consumer,Россия
RU000A10B2P6,RU000A10B2P6,АйДи Коллект 001P-01,RUB,Financial,Россия
RU000A10CL64,RU000A10CL64,Сегежа 003P-07R,RUB,Materials,Россия
RU000A10BBG1,RU000A10BBG1,ТЕХНО Лизинг 001Р-07,RUB,Financial,Россия
RU000A10EV60,RU000A10EV60,Интел Коллект БО-02,RUB,Financial,Россия
RU000A10CM06,RU000A10CM06,АПРИ БО-002Р-11,RUB,RealEstate,Россия
RU000A109KL1,RU000A109KL1,Банк ВТБ Б-1-359,RUB,Financial,Россия
RU000A10EJR5,RU000A10EJR5,Арлифт 001Р-01,RUB,Industrials,Россия
RU000A10B2F7,RU000A10B2F7,ЛК Роделен БО 002P-03,RUB,Financial,Россия
RU000A10E7U2,RU000A10E7U2,ПКФ 001Р-01,RUB,Other,Россия
RU000A10C758,RU000A10C758,ТД РКС 002Р-06,RUB,Consumer,
RU000A10AYB6,RU000A10AYB6,А Спэйс 001Р-02,RUB,RealEstate,Россия
RU000A106FW4,RU000A106FW4,МГКЛ 001Р-03,RUB,Financial,Россия
RU000A10D2Y6,RU000A10D2Y6,Уральская Сталь БО-001Р-06,RUB,Materials,Россия
RU000A10CRB6,RU000A10CRB6,Кокс 001P-06,RUB,Materials,Россия
RU000A10BP46,RU000A10BP46,Страна Девелопмент 03,RUB,RealEstate,Россия
RU000A10EHB3,RU000A10EHB3,МФК Лайм-Займ 06,RUB,Financial,Россия
RU000A10BQM7,RU000A10BQM7,ТД РКС 002Р-05,RUB,Consumer,
RU000A10FBR9,RU000A10FBR9,КЛВЗ КРИСТАЛЛ 001P-05,RUB,Consumer,Россия
RU000A10EC63,RU000A10EC63,Брусника 002Р-06,RUB,RealEstate,Россия
RU000A10ADJ3,RU000A10ADJ3,ЭнергоТехСервис 001Р-06,RUB,Industrials,Россия
RU000A10EYY0,RU000A10EYY0,Медскан 001Р-02,RUB,HealthCare,Россия
RU000A10AZY5,RU000A10AZY5,АПРИ БО-002Р-09,RUB,RealEstate,Россия
RU000A109825,RU000A109825,Азбука Вкуса БОП3,RUB,Consumer,Россия
RU000A10E4Y1,RU000A10E4Y1,Аэрофьюэлз003Р-01,RUB,Energy,Россия
RU000A0JWT91,RU000A0JWT91,Удмуртская республика 2016,RUB,Municipal,Россия
RU000A10F6H0,RU000A10F6H0,ПИР БО-06-001P,RUB,Industrials,Россия
RU000A106B51,RU000A106B51,МФК Быстроденьги 002Р-02,RUB,Financial,Россия
RU000A10EDV0,RU000A10EDV0,АйДи Коллект 001P-07,RUB,Financial,Россия
RU000A1078X8,RU000A1078X8,ДиректЛизинг БО 002Р-02,RUB,Financial,Россия
RU000A10F595,RU000A10F595,Транспортная ЛК 001P-05,RUB,Other,Россия
RU000A101SD8,RU000A101SD8,ГТЛК БО 001P-19,RUB,Financial,Россия
RU000A10DSX6,RU000A10DSX6,ТАЛЬВЕН БО-П01,RUB,RealEstate,Россия
RU000A10B9Q9,RU000A10B9Q9,Глоракс 001Р-04,RUB,RealEstate,Россия
RU000A10EYH5,RU000A10EYH5,Группа ЛСР 002Р-01,RUB,RealEstate,Россия
RU000A10C6U6,RU000A10C6U6,МГКЛ 001Р-08,RUB,Financial,Россия
RU000A10ASF9,RU000A10ASF9,Сибирское Стекло БО-01,RUB,Other,Россия
RU000A106SE5,RU000A106SE5,Фордевинд 04,RUB,Financial,Россия
RU000A107GT6,RU000A107GT6,СЕЛЛ-Сервис БО-01,RUB,Consumer,Россия
RU000A10D1J9,RU000A10D1J9,Электрорешения 001Р-02,RUB,Other,Россия
RU000A107UX9,RU000A107UX9,Газпром нефть БО 003P-11R,RUB,Energy,Россия
RU000A10AG48,RU000A10AG48,АПРИ БО-002Р-08,RUB,RealEstate,Россия
RU000A10E6J7,RU000A10E6J7,Страна Девелопмент 002Р-02,RUB,RealEstate,Россия
RU000A10EPV4,RU000A10EPV4,Симпл Солюшнз Кэпитл 001Р-02,RUB,Other,Россия
RU000A0JXS59,RU000A0JXS59,Почта России БО-001P-03,RUB,Other,Россия
RU000A10C6Z5,RU000A10C6Z5,Легенда БО 002Р-04,RUB,Consumer,
RU000A109KV0,RU000A109KV0,МСП Банк 001P-02,RUB,Financial,Россия
RU000A10ECA6,RU000A10ECA6,ЛК АдвансТрак 001Р-02,RUB,Other,Россия
RU000A10EQ83,RU000A10EQ83,ГК Самолет 002P-03,RUB,RealEstate,Россия
RU000A107S85,RU000A107S85,МФК Саммит 001Р-03,RUB,Financial,Россия
RU000A10DZH4,RU000A10DZH4,АПРИ БО-002Р-12,RUB,RealEstate,Россия
RU000A10EN78,RU000A10EN78,Бизнес Альянс 001P-09,RUB,Financial,Россия
RU000A10DMN0,RU000A10DMN0,реСтор 001Р-02,RUB,Consumer,Россия
RU000A10C3B3,RU000A10C3B3,МФК Быстроденьги 003Р-01,RUB,Financial,Россия
RU000A10D4W6,RU000A10D4W6,Село Зелёное 001Р-01,RUB,Consumer,Россия
RU000A1082M3,RU000A1082M3,Рекорд трейд БО-01,RUB,Energy,Россия
RU000A108ZU2,RU000A108ZU2,МГКЛ 001Р-06,RUB,Financial,Россия
RU000A108RK0,RU000A108RK0,ТД РКС 002Р-04,RUB,Consumer,Россия
RU000A10DJS5,RU000A10DJS5,ПКО СЗА БО-05,RUB,Financial,Россия
RU000A1094W7,RU000A1094W7,Хромос Инжиниринг БО-02,RUB,Other,Россия
RU000A10DBS2,RU000A10DBS2,Энергоника 001Р-07,RUB,Energy,Россия
RU000A10BWN3,RU000A10BWN3,ТАЛК 002P-02,RUB,Financial,
RU000A106YN4,RU000A106YN4,Группа Продовольствие 001P-03,RUB,Consumer,Россия
RU000A10FD04,RU000A10FD04,Сибирское Стекло БО-04,RUB,Other,Россия
RU000A10B0S4,RU000A10B0S4,Кокс 001P-03,RUB,Materials,Россия
RU000A10ATC4,RU000A10ATC4,МГКЛ 001Р-07,RUB,Financial,Россия
RU000A107SG8,RU000A107SG8,Симпл Солюшнз Кэпитл 001Р-01,RUB,Other,Россия
RU000A10A414,RU000A10A414,Первое клиентское бюро 001Р-06,RUB,Financial,Россия
RU000A10DPJ1,RU000A10DPJ1,Группа Продовольствие БО-02,RUB,Consumer,Россия
RU000A10CTG1,RU000A10CTG1,Миррико БО-П05,RUB,Materials,Россия
RU000A107UA7,RU000A107UA7,Банк ГПБ БО 005Р-03Р,RUB,Financial,Россия
RU000A10DTP0,RU000A10DTP0,ПИР БО-05-001P,RUB,Industrials,Россия
RU000A106L67,RU000A106L67,Кириллица БО-02,RUB,Energy,Россия
RU000A1082Q4,RU000A1082Q4,Банк ВТБ ЗО-Т1,RUB,Financial,Россия
RU000A0JWZY6,RU000A0JWZY6,АФК Система БО-001P-05,RUB,Financial,Россия
RU000A10F0W2,RU000A10F0W2,АйДи Коллект 001P-08,RUB,Financial,Россия
RU000A10EHJ6,RU000A10EHJ6,ГК Пионер БО 002P-03,RUB,RealEstate,Россия
RU000A10FAL4,RU000A10FAL4,ИСП 001Р-01,RUB,Industrials,Россия
RU000A10BQ60,RU000A10BQ60,РОЛЬФ БО 001Р-08,RUB,Consumer,Россия
RU000A10E6S8,RU000A10E6S8,ТД РКС 002Р-07,RUB,Consumer,Россия
RU000A10DD97,RU000A10DD97,Росинтер Холдинг БО-02,RUB,Consumer,Россия
RU000A108KT6,RU000A108KT6,Росагролизинг 002P-01,RUB,Financial,Россия
RU000A10E4F0,RU000A10E4F0,Ломбард 888 БО-01,RUB,Financial,Россия
RU000A10C5B8,RU000A10C5B8,Денум Солюшнз 001Р-01,RUB,Other,
RU000A100QA0,RU000A100QA0,ГК Самолет БО-П06,RUB,RealEstate,Россия
RU000A10CU97,RU000A10CU97,Лизинг-Трейд 001P-12,RUB,Financial,Россия
RU000A107G63,RU000A107G63,ДжетЛенд БО-01,RUB,Financial,Россия
RU000A10EL13,RU000A10EL13,ПЭТ ПЛАСТ 001Р-02,RUB,Other,Россия
RU000A0ZYAP9,RU000A0ZYAP9,ГТЛК 001P-06,RUB,Financial,Россия
RU000A106R79,RU000A106R79,Энергоника 001Р-04,RUB,Energy,Россия
RU000A107WD7,RU000A107WD7,Мани Капитал 001P-03,RUB,Financial,Россия
RU000A1082K7,RU000A1082K7,МФК ВЭББАНКИР 06,RUB,Financial,Россия
RU000A106SL0,RU000A106SL0,Истринская Сыроварня БО-02,RUB,Consumer,Россия
RU000A107F07,RU000A107F07,Унител БО-П01,RUB,Telecom,Россия
RU000A108Q94,RU000A108Q94,МегаФон БО-002P-05,RUB,Telecom,Россия
RU000A1053P7,RU000A1053P7,Сегежа 002P-05R,RUB,Materials,Россия
RU000A104XJ9,RU000A104XJ9,МГКЛ 001Р-01,RUB,Financial,Россия
RU000A10EPU6,RU000A10EPU6,АВТОАССИСТАНС 001P-01,RUB,Other,Россия
RU000A106WZ2,RU000A106WZ2,АПРИ БО-002Р-03,RUB,RealEstate,Россия
RU000A105WZ4,RU000A105WZ4,Лизинг-Трейд 001P-07,RUB,Financial,Россия
RU000A107HH9,RU000A107HH9,Газпром нефть БО 003P-09R,RUB,Energy,Россия
RU000A105VQ5,RU000A105VQ5,Россети БО 001P-08R,RUB,Utilities,Россия
RU000A10AHB1,RU000A10AHB1,Новые Технологии 001Р-01,RUB,Materials,Россия
RU000A109S91,RU000A109S91,Россети Московский регион БО1Р07,RUB,Utilities,Россия
RU000A10DRX8,RU000A10DRX8,ЗООПТ БО-01,RUB,Other,Россия
RU000A107KR2,RU000A107KR2,МигКредит БО-04,RUB,Financial,Россия
RU000A10B7N0,RU000A10B7N0,Биовитрум 001Р-01,RUB,Other,Россия
RU000A10ENT3,RU000A10ENT3,ПКО Финэква 001Р-02,RUB,Financial,Россия
RU000A10E7K3,RU000A10E7K3,реСтор 001Р-03,RUB,Consumer,Россия
RU000A10DPT0,RU000A10DPT0,Реиннольц 001Р-04,RUB,Other,Россия
RU000A106PY9,RU000A106PY9,Неолизинг БО-1,RUB,Consumer,Россия
RU000A1074F4,RU000A1074F4,Мани Капитал 001P-01,RUB,Financial,Россия
RU000A10DY50,RU000A10DY50,ГК Сегежа 003P-08R,RUB,Materials,Россия
RU000A10C9Z9,RU000A10C9Z9,УПТК-65 001Р-01,RUB,Materials,Россия
RU000A103372,RU000A103372,АФК Система БО 001P-20,RUB,Financial,Россия
RU000A10EQV2,RU000A10EQV2,Биовитрум 001Р-02,RUB,Other,Россия
RU000A10BRN3,RU000A10BRN3,Сибирский КХП 001P-04,RUB,Other,Россия
RU000A107BH2,RU000A107BH2,ИЛС БО-01-001P,RUB,Consumer,Россия
RU000A108WY1,RU000A108WY1,Металлоинвест 001P-08,RUB,Industrials,Россия
RU000A107R29,RU000A107R29,ЕнисейАгроСоюз БО 001P-01,RUB,Consumer,Россия
RU000A10EQD0,RU000A10EQD0,ЛК Роделен БО 002P-05,RUB,Financial,Россия
RU000A10BNK8,RU000A10BNK8,Энергоника 001Р-06,RUB,Energy,Россия
RU000A10D3P2,RU000A10D3P2,Южноуральский ЛЦ 001Р-01,RUB,Other,Россия
RU000A0ZZ4P9,RU000A0ZZ4P9,РЖД БО 001Р-06R,RUB,Industrials,Россия
RU000A10EN37,RU000A10EN37,КАМАЗ БО-П21,RUB,Industrials,Россия
RU000A10DG78,RU000A10DG78,ЛК АдвансТрак 001Р-01,RUB,Other,Россия
RU000A10EAB8,RU000A10EAB8,Аренза-Про 001P-07,RUB,Financial,Россия
RU000A10EAQ6,RU000A10EAQ6,КРОНОС БО-01,RUB,Other,Россия
RU000A10CS91,RU000A10CS91,Росагролизинг 002P-04,RUB,Financial,Россия
RU000A102SM7,RU000A102SM7,СДЭК-Глобал БО-П01,RUB,Consumer,Россия
RU000A106JX4,RU000A106JX4,ЕАБР 003P-008,RUB,Financial,Казахстан
RU000A10A4C1,RU000A10A4C1,Энергоника 001Р-05,RUB,Energy,Россия
RU000A105M59,RU000A105M59,ЛК Роделен БО 001Р-03,RUB,Financial,Россия
RU000A10EXG9,RU000A10EXG9,ПРОГРЕСС 001Р-01,RUB,Other,Россия
RU000A10CST6,RU000A10CST6,СКС ЛОМБАРД БО-02,RUB,Financial,Россия
RU000A10A794,RU000A10A794,АвтоМоё БО-01-CNY,RUB,Other,Россия
RU000A10ASD4,RU000A10ASD4,РОЛЬФ БО 001Р-06,RUB,Consumer,Россия
RU000A10DWP4,RU000A10DWP4,ЦЕНТР-К БО-01,RUB,Other,Россия
RU000A10CH03,RU000A10CH03,Эфферон 001Р-01,RUB,HealthCare,Россия
RU000A107WF2,RU000A107WF2,ПИР БО-01-001P,RUB,Industrials,Россия
RU000A106Q47,RU000A106Q47,Фордевинд 03,RUB,Financial,Россия
RU000A107209,RU000A107209,Сибирское Стекло БО-П04,RUB,Other,Россия
RU000A10BYR0,RU000A10BYR0,Самокат БО-03,RUB,Other,Россия
RU000A10CTJ5,RU000A10CTJ5,БЭЛТИ-ГРАНД БО-П08,RUB,Financial,Россия
RU000A103VD8,RU000A103VD8,МСБ-Лизинг 002P-05,RUB,Financial,Россия
RU000A106YH6,RU000A106YH6,Банк ГПБ БО 003Р-01Р,RUB,Financial,Россия
RU000A106KT0,RU000A106KT0,МигКредит БО-02,RUB,Financial,Россия
RU000A105XE7,RU000A105XE7,ВымпелКом 001Р-02,RUB,Telecom,Россия
RU000A10BS68,RU000A10BS68,Уральская Сталь БО-001Р-04,RUB,Materials,Россия
RU000A106RJ6,RU000A106RJ6,Озон 001Р-02,RUB,HealthCare,Россия
RU000A101GD3,RU000A101GD3,ГТЛК БО 001P-16,RUB,Financial,Россия
RU000A10F4Z7,RU000A10F4Z7,МФК Быстроденьги 003Р-02,RUB,Financial,Россия
RU000A10DTW6,RU000A10DTW6,Пионер-Лизинг БО8,RUB,Financial,Россия
RU000A10EMJ6,RU000A10EMJ6,ТЕХНО Лизинг 001Р-08,RUB,Financial,Россия
RU000A107FG5,RU000A107FG5,Транс-Миссия БО-02,RUB,Consumer,Россия
RU000A107795,RU000A107795,МФК Лайм-Займ 04,RUB,Financial,Россия
RU000A108AK6,RU000A108AK6,Фордевинд 05,RUB,Financial,Россия
RU000A10EXU0,RU000A10EXU0,ЛК АдвансТрак 001Р-03,RUB,Other,Россия
RU000A109SZ4,RU000A109SZ4,МегаФон БО-002P-07,RUB,Telecom,Россия
RU000A108LN7,RU000A108LN7,Смартфакт БО-03-001P,RUB,Financial,Россия
RU000A10EB07,RU000A10EB07,МСБ-Лизинг 003P-07,RUB,Financial,Россия
RU000A0ZZ505,RU000A0ZZ505,Россельхозбанк 09Т1,RUB,Financial,Россия
RU000A10CM89,RU000A10CM89,КИФА БО-01,RUB,Consumer,Россия
RU000A10B6K8,RU000A10B6K8,Технология БО-02,RUB,Materials,Россия
RU000A104362,RU000A104362,Восточная Стивидорная Компания 1P-02R,RUB,Industrials,Россия
RU000A106ZQ4,RU000A106ZQ4,Феррум БП1,RUB,Other,Россия
RU000A106037,RU000A106037,РусГидро БО-П10,RUB,Utilities,Россия
RU000A107M32,RU000A107M32,Аквилон-Лизинг БО-03-001P,RUB,Financial,Россия
RU000A10D3T4,RU000A10D3T4,ПКО СЗА БО-04,RUB,Financial,Россия
RU000A10DYZ9,RU000A10DYZ9,АСГ ТРАНСФОРМАТОРЕН БО-01,RUB,Other,Россия
RU000A108JQ4,RU000A108JQ4,Альфа-Банк ЗО-350,RUB,Financial,Россия
RU000A105YH8,RU000A105YH8,ВЭБ.РФ ПБО-002Р-36,RUB,Financial,Россия
RU000A109T74,RU000A109T74,АйДи Коллект 001P-02,RUB,Financial,Россия
RU000A109DT9,RU000A109DT9,Росагролизинг 002P-03,RUB,Financial,Россия
RU000A106HF5,RU000A106HF5,Электрорешения 001Р-01,RUB,Other,Россия
RU000A108AJ8,RU000A108AJ8,МСБ-Лизинг 003P-03,RUB,Financial,Россия
RU000A10AYU6,RU000A10AYU6,МФК Мани Мен БО-01,RUB,Financial,Россия
RU000A10DTT2,RU000A10DTT2,Совкомбанк Лизинг БО-П18,RUB,Financial,Россия
RU000A10D4V8,RU000A10D4V8,АйДи Коллект 001P-06,RUB,Financial,Россия
RU000A107480,RU000A107480,Лизинг-Трейд 001P-10,RUB,Financial,Россия
RU000A10DJM8,RU000A10DJM8,Аквилон-Лизинг БО-04-001P,RUB,Financial,Россия
RU000A10DY01,RU000A10DY01,ГК Пионер БО 002P-02,RUB,RealEstate,Россия
RU000A10BV89,RU000A10BV89,Арктик Технолоджи Сервис БО-01,RUB,Materials,
RU000A10CJ84,RU000A10CJ84,Сибирское Стекло БО-02,RUB,Other,Россия
RU000A104ZU1,RU000A104ZU1,АО им. Т.Г. Шевченко 001P-04,RUB,Consumer,Россия
RU000A10D4E4,RU000A10D4E4,Векус БО-01,RUB,,Россия
RU000A107AU7,RU000A107AU7,ВЭБ.РФ ПБО-002Р-39,RUB,Financial,Россия
RU000A106NT4,RU000A106NT4,ПИМ БО-02,RUB,IT,Россия
RU000A1089L0,RU000A1089L0,АСВ БО-02-001P,RUB,Other,Россия
RU000A1070G0,RU000A1070G0,МФК Быстроденьги 002Р-03,RUB,Financial,Россия
RU000A10EPT8,RU000A10EPT8,ДиректЛизинг БО 002Р-06,RUB,Financial,Россия
RU000A10AG22,RU000A10AG22,Эн+ Гидро 001РС-06,RUB,Energy,Россия
RU000A109QN4,RU000A109QN4,Экспобанк 001P-02,RUB,Financial,Россия
RU000A107076,RU000A107076,ЛК Роделен БО 002P-01,RUB,Financial,Россия
RU000A10EFW3,RU000A10EFW3,Лазерные системы БО-02,RUB,Other,Россия
RU000A1076A0,RU000A1076A0,БЭЛТИ-ГРАНД БО-П06,RUB,Financial,Россия
RU000A109B82,RU000A109B82,Бизнес Альянс 001P-06,RUB,Financial,Россия
RU000A107FZ5,RU000A107FZ5,АПРИ БО-002Р-04,RUB,RealEstate,Россия
RU000A105WK6,RU000A105WK6,ВымпелКом 001Р-04,RUB,Telecom,Россия
RU000A10CCJ1,RU000A10CCJ1,Славянск ЭКО ЭКО 001Р-04,RUB,Energy,Россия
RU000A108L65,RU000A108L65,АйДи Коллект 07,RUB,Financial,Россия
RU000A104V00,RU000A104V00,Пионер-Лизинг БР5,RUB,Financial,Россия
RU000A102556,RU000A102556,СЭЗ им. Серго Орджоникидзе 001Р-02,RUB,Industrials,Россия
RU000A10ERA4,RU000A10ERA4,ЭкономЛизинг 002Р-02,RUB,Financial,Россия
RU000A108462,RU000A108462,МФК Джой Мани 001P-02,RUB,Financial,Россия
RU000A107AZ6,RU000A107AZ6,МФК Саммит 001Р-02,RUB,Financial,Россия
RU000A108VM8,RU000A108VM8,Ред Софт БО 002Р-05,RUB,IT,Россия
RU000A10B2D2,RU000A10B2D2,Патриот Групп 001Р-01,RUB,Consumer,Россия
RU000A10AEE2,RU000A10AEE2,ТГК-14 001Р-04,RUB,Utilities,Россия
RU000A10BGC9,RU000A10BGC9,МФК Мани Мен БО-02-01,RUB,Financial,
RU000A102SV8,RU000A102SV8,АФК Система БО 001P-18,RUB,Financial,Россия
RU000A10BLP1,RU000A10BLP1,Регион-Продукт БО-01,RUB,Consumer,Россия
RU000A10CT09,RU000A10CT09,Интел Коллект БО-01,RUB,Financial,Россия
RU000A105DS9,RU000A105DS9,АПРИ БО-002Р-01,RUB,RealEstate,Россия
RU000A10AFQ3,RU000A10AFQ3,Миррико БО-П02,RUB,Materials,Россия
RU000A107YT9,RU000A107YT9,Агрофирма Рубеж 001Р-02,RUB,Consumer,Россия
RU000A10ERH9,RU000A10ERH9,АВТОБАН-Финанс БО-П09,RUB,Financial,Россия
RU000A105SK4,RU000A105SK4,ЛК Роделен БО 001Р-04,RUB,Financial,Россия
RU000A10C5J1,RU000A10C5J1,Талан-Финанс БО 001Р-04,RUB,Financial,Россия
RU000A10DLN2,RU000A10DLN2,ПКО Финэква 001Р-01,RUB,Financial,Россия
RU000A10E9V6,RU000A10E9V6,ПЕРВОУРАЛЬСКБАНК 001Р-02,RUB,Financial,Россия
RU000A109NA8,RU000A109NA8,СОЛИД СпецАвтоТехЛизинг 01,RUB,Financial,Россия
RU000A10CZ35,RU000A10CZ35,Транспортная ЛК 001P-04,RUB,Other,Россия
RU000A105SP3,RU000A105SP3,Сегежа 003P-02R,RUB,Materials,Россия
RU000A10DY27,RU000A10DY27,Артген БО-02,RUB,HealthCare,Россия
RU000A10CF88,RU000A10CF88,Банк ГПБ БО 006Р-01P,RUB,Energy,Россия
RU000A107DM8,RU000A107DM8,Росагролизинг 001P-04,RUB,Financial,Россия
RU000A1098T4,RU000A1098T4,СибСульфур БО-01-001P,RUB,Materials,Россия
RU000A1067H4,RU000A1067H4,Легенда БО 002Р-01,RUB,Consumer,Россия
RU000A10CU30,RU000A10CU30,Патриот Групп 001Р-02,RUB,Consumer,Россия
RU000A10B4T4,RU000A10B4T4,Пионер-Лизинг БО7,RUB,Financial,Россия
RU000A107BP5,RU000A107BP5,Сегежа 003P-03R,RUB,Materials,Россия
RU000A104CF1,RU000A104CF1,Солид-Лизинг 01,RUB,Financial,Россия
RU000A108VL0,RU000A108VL0,Банк ГПБ БО 005Р-12Р,RUB,Energy,Россия
RU000A10EF11,RU000A10EF11,Промомед ДМ 002P-03,RUB,HealthCare,Россия
RU000A104FG2,RU000A104FG2,Сегежа 002P-03R,RUB,Materials,Россия
RU000A106169,RU000A106169,ППК РЭО 02,RUB,Other,Россия
RU000A10B727,RU000A10B727,МСБ-Лизинг 003P-05,RUB,Financial,Россия
RU000A10F710,RU000A10F710,Южноуральский ЛЦ 001Р-02,RUB,Other,Россия
RU000A10DLC5,RU000A10DLC5,АСВ БО-04-001P,RUB,Other,Россия
RU000A0ZYWU3,RU000A0ZYWU3,АФК Система БО 001P-08,RUB,Financial,Россия
RU000A10AYD2,RU000A10AYD2,Новые Технологии 001Р-03,RUB,Materials,Россия
RU000A10C5U8,RU000A10C5U8,Гидромашсервис 001Р-05,RUB,Consumer,
RU000A10A1N4,RU000A10A1N4,Альфа-Лизинг БО-02,RUB,Financial,Россия
RU000A106VN0,RU000A106VN0,Трейдберри БО-01,RUB,Consumer,Россия
RU000A109JS8,RU000A109JS8,Ростелеком 001P-11R,RUB,Telecom,Россия
RU000A10C3N8,RU000A10C3N8,Миррико БО-П03,RUB,Materials,
RU000A10E5S0,RU000A10E5S0,ТАЛК 002P-04,RUB,Financial,Россия
RU000A104WZ7,RU000A104WZ7,Электроаппарат БО-01,RUB,Utilities,Россия
RU000A10AC67,RU000A10AC67,ВОКСИС 01,RUB,Other,Россия
RU000A105W08,RU000A105W08,Металлоинвест 001P-04,RUB,Industrials,Россия
RU000A106EV9,RU000A106EV9,КИФА 001P-01,RUB,Consumer,Россия
RU000A10BHX3,RU000A10BHX3,Сибирский КХП 001P-03,RUB,Other,Россия
RU000A107FN1,RU000A107FN1,ТЕХНО Лизинг 001Р-06,RUB,Financial,Россия
RU000A100W60,RU000A100W60,Европлан БО 03,RUB,Other,Россия
RU000A1094T3,RU000A1094T3,ДиректЛизинг БО 002Р-03,RUB,Financial,Россия
RU000A10ERS6,RU000A10ERS6,Бустер.Ру БО-03,RUB,Financial,Россия
RU000A10B735,RU000A10B735,МСБ-Лизинг 003P-04,RUB,Financial,Россия
RU000A102GJ8,RU000A102GJ8,Банк ГПБ БО 001Р-19Р,RUB,Financial,Россия
RU000A10BNE1,RU000A10BNE1,Компания Симпл 001Р-03,RUB,Other,Россия
RU000A108BX7,RU000A108BX7,Татнефтехим 001-P-02,RUB,Consumer,Россия
RU000A10D4S4,RU000A10D4S4,ПЭТ ПЛАСТ 001Р-01,RUB,Other,Россия
RU000A1084N7,RU000A1084N7,Сергиевское БО-01,RUB,Other,Россия
RU000A10F8G8,RU000A10F8G8,СПМК БО-03,RUB,Consumer,Россия
RU000A1074N8,RU000A1074N8,Практика ЛК 001Р-02,RUB,Industrials,Россия
RU000A10CLT1,RU000A10CLT1,СФО РЛО-2 класс А А,RUB,Other,Россия
RU000A1075R6,RU000A1075R6,Регион-Продукт БО 001Р-04,RUB,Consumer,Россия
RU000A106GB6,RU000A106GB6,Лизинг-Трейд 001P-09,RUB,Financial,Россия
RU000A103RL9,RU000A103RL9,Петроинжиниринг 001P-01,RUB,Materials,Россия
RU000A107P62,RU000A107P62,Сибирский КХП 001P-02,RUB,Other,Россия
RU000A10AFT7,RU000A10AFT7,ЭР-Телеком Холдинг ПБО-02-07,RUB,Telecom,Россия
RU000A0ZYR91,RU000A0ZYR91,ГТЛК БО 001Р-08,RUB,Financial,Россия
RU000A102FS1,RU000A102FS1,АФК Система БО 001P-16,RUB,Financial,Россия
RU000A0ZYKH5,RU000A0ZYKH5,Оренбургская область 35004,RUB,Municipal,Россия
RU000A108YZ4,RU000A108YZ4,Михайловский молочный завод 001P-01,RUB,Consumer,Россия
RU000A10B5A1,RU000A10B5A1,Бианка Премиум БО-02,RUB,Other,Россия
RU000A10BJL4,RU000A10BJL4,Транспортная ЛК 001P-02,RUB,Other,Россия
RU000A104Z71,RU000A104Z71,Биннофарм Групп 001Р-02,RUB,HealthCare,Россия
RU000A10E4U9,RU000A10E4U9,БЭЛТИ-ГРАНД БО-П09,RUB,Financial,Россия
RU000A106U90,RU000A106U90,Проект 111 001Р-01,RUB,Consumer,Россия
RU000A107NJ3,RU000A107NJ3,Лизинг-Трейд 001P-11,RUB,Financial,Россия
RU000A106GY8,RU000A106GY8,ДиректЛизинг БО 002Р-01,RUB,Financial,Россия
RU000A10EYX2,RU000A10EYX2,МегаФон БО-002Р-11,RUB,Telecom,Россия
RU000A10B4W8,RU000A10B4W8,СИБУР Холдинг 001Р-05,RUB,Energy,Россия
RU000A104EP6,RU000A104EP6,НЗРМ БО-01,RUB,Materials,Россия
RU000A10C626,RU000A10C626,ЛК Роделен БО 002P-04,RUB,Financial,
RU000A10D1U6,RU000A10D1U6,Бустер.Ру БО-01,RUB,Financial,Россия
RU000A10DSU2,RU000A10DSU2,КЛВЗ КРИСТАЛЛ 001P-04,RUB,Consumer,Россия
RU000A1041B2,RU000A1041B2,Сегежа 002P-01R,RUB,Materials,Россия
RU000A1089A3,RU000A1089A3,А Спэйс 001Р-01,RUB,RealEstate,Россия
RU000A0JXN21,RU000A0JXN21,АФК Система БО-001P-06,RUB,Financial,Россия
RU000A10B925,RU000A10B925,ЕнисейАгроСоюз БО 001P-02,RUB,Consumer,Россия
RU000A106UK8,RU000A106UK8,МигКредит БО-03,RUB,Financial,Россия
RU000A106MV2,RU000A106MV2,МГКЛ 001Р-04,RUB,Financial,Россия
RU000A103M36,RU000A103M36,ТрансФин-М 001P-07,RUB,Financial,Россия
RU000A10ARZ9,RU000A10ARZ9,ТГК-14 001Р-06,RUB,Utilities,Россия
RU000A10DTB0,RU000A10DTB0,ЭЛТЕРА БО-01,RUB,Industrials,Россия
RU000A100DG5,RU000A100DG5,Европлан БО 06,RUB,Other,Россия
RU000A107L82,RU000A107L82,Совкомбанк Т1-01,RUB,Financial,Россия
RU000A105HH3,RU000A105HH3,РЕСО-Лизинг БО-02П-02,RUB,Financial,Россия
RU000A103UL3,RU000A103UL3,Татнефтехим 001-P-01,RUB,Consumer,Россия
RU000A105LS2,RU000A105LS2,Реиннольц 001Р-02,RUB,Other,Россия
RU000A0ZYBM4,RU000A0ZYBM4,Альфа-Банк БО-21,RUB,Financial,Россия
RU000A102K39,RU000A102K39,РЕСО-Лизинг БО-П-08,RUB,Financial,Россия
RU000A1097X8,RU000A1097X8,Бианка Премиум БО-01,RUB,Other,Россия
RU000A10EC48,RU000A10EC48,ПКО СЗА БО-06,RUB,Financial,Россия
RU000A109LC8,RU000A109LC8,РОЛЬФ БО 001Р-03,RUB,Consumer,Россия
RU000A1092S9,RU000A1092S9,Элемент Лизинг БО 001P-09,RUB,Financial,Россия
RU000A108CE5,RU000A108CE5,Ю Ди Пи Авто БО-01,RUB,IT,Россия
RU000A107UB5,RU000A107UB5,МГКЛ 001Р-05,RUB,Financial,Россия
RU000A1070A3,RU000A1070A3,Охта Групп БО-П03,RUB,RealEstate,Россия
RU000A10D491,RU000A10D491,Банк ГПБ БО 006Р-03P,RUB,Energy,Россия
RU000A106RB3,RU000A106RB3,АСВ БО-01-001P,RUB,Other,Россия
RU000A1094U1,RU000A1094U1,Байсэл 001P-01,RUB,Other,Россия
RU000A1042W6,RU000A1042W6,ВЭБ.РФ ПБО-002Р-31,RUB,Financial,Россия
RU000A0JWVL2,RU000A0JWVL2,Европлан БО 07,RUB,Other,Россия
RU000A109JX8,RU000A109JX8,Лазерные системы БО-01,RUB,Other,Россия
RU000A108UJ6,RU000A108UJ6,Новосибирскавтодор БО-01,RUB,Other,Россия
RU000A10CCB8,RU000A10CCB8,ПКО СЗА БО-03,RUB,Financial,Россия
RU000A10D3R8,RU000A10D3R8,СтанкоМашСтрой БО-01,RUB,Industrials,Россия
RU000A1079G1,RU000A1079G1,Мани Капитал 001P-02,RUB,Financial,Россия
RU000A108FC2,RU000A108FC2,ДОМ.РФ 002P-04,RUB,Financial,Россия
RU000A1099W6,RU000A1099W6,Простая еда 001Р-01,RUB,Other,Россия
RU000A1038M5,RU000A1038M5,ГТЛК БО 001P-20,RUB,Financial,Россия
RU000A10BUN7,RU000A10BUN7,ДиректЛизинг БО 002Р-05,RUB,Financial,Россия
RU000A1022E6,RU000A1022E6,ПР-Лизинг БО 002Р-01,RUB,Other,Россия
RU000A1065Y3,RU000A1065Y3,Агротек БО-02,RUB,Consumer,Россия
RU000A103S30,RU000A103S30,ДиректЛизинг БО 001Р-07,RUB,Financial,Россия
RU000A1097S8,RU000A1097S8,Банк ГПБ БО 005Р-04Р,RUB,Financial,Россия
RU000A107225,RU000A107225,Частная пивоварня Афанасий БО-01,RUB,Consumer,Россия
RU000A10BUM9,RU000A10BUM9,ЭнергоТехСервис 001Р-07,RUB,Industrials,
RU000A105054,RU000A105054,ММЦБ БО-П01-02,RUB,HealthCare,Россия
RU000A109890,RU000A109890,МФК ВЭББАНКИР 07,RUB,Financial,Россия
RU000A107EP9,RU000A107EP9,Смартфакт БО-02-001P,RUB,Financial,Россия
RU000A105492,RU000A105492,Энергоника 001Р-03,RUB,Energy,Россия
RU000A10EMS7,RU000A10EMS7,Село Зелёное 001Р-03,RUB,Consumer,Россия
RU000A1094E5,RU000A1094E5,МегаФон БО-002P-06,RUB,Telecom,Россия
RU000A0JWYQ5,RU000A0JWYQ5,АФК Система БО 001P-04,RUB,Financial,Россия
RU000A10B255,RU000A10B255,Михайловский Молочный Завод 001P-02,RUB,Consumer,Россия
RU000A0JWST1,RU000A0JWST1,ГТЛК БО-08,RUB,Financial,Россия
RU000A10DBE2,RU000A10DBE2,СОПФ ДОМ.РФ 12,RUB,Financial,Россия
RU000A108LU2,RU000A108LU2,ИКС 5 Финанс 003P-05,RUB,Financial,Россия
RU000A1008D7,RU000A1008D7,РЖД БО 001Р-14R,RUB,Industrials,Россия
RU000A1078Y6,RU000A1078Y6,ЭкономЛизинг 001Р-06,RUB,Financial,Россия
RU000A100KY3,RU000A100KY3,Роснефть 002P-08,RUB,Energy,Россия
RU000A103DS4,RU000A103DS4,СИБУР Холдинг БО-03,RUB,Materials,Россия
RU000A103TS0,RU000A103TS0,ТЕХНО Лизинг 001P-05,RUB,Financial,Россия
RU000A106Y88,RU000A106Y88,МФК ВЭББАНКИР 04,RUB,Financial,Россия
RU000A0ZYG52,RU000A0ZYG52,Ростелеком 001P-03R,RUB,Telecom,Россия
RU000A104UA4,RU000A104UA4,Сегежа 002P-04R,RUB,Materials,Россия
RU000A106987,RU000A106987,Лизинг-Трейд 001P-08,RUB,Financial,Россия
RU000A10A828,RU000A10A828,ОВОЗ РФ 12978110V,RUB,Government,Россия
RU000A1026H0,RU000A1026H0,Гидромашсервис БО-03,RUB,Consumer,Россия
RU000A1031K4,RU000A1031K4,ДОМ.РФ ИА БО 1P8,RUB,Financial,Россия
RU000A10FDD5,RU000A10FDD5,Электроаппарат БО-04,RUB,Utilities,Россия
RU000A10DRE8,RU000A10DRE8,Бустер.Ру БО-02,RUB,Financial,Россия
RU000A10DYB0,RU000A10DYB0,Россети Волга 001Р-01,RUB,Utilities,Россия
RU000A105MN1,RU000A105MN1,ДОМ.РФ 002P-01,RUB,Financial,Россия
RU000A103N43,RU000A103N43,ДОМ.РФ ИА БО 1P9,RUB,Financial,Россия
RU000A10E5Y8,RU000A10E5Y8,Сергиевское БО-02,RUB,Other,Россия
RU000A1043Z7,RU000A1043Z7,Биннофарм Групп 001Р-01,RUB,HealthCare,Россия
RU000A0ZZ5J9,RU000A0ZZ5J9,Почта России БО-001P-05,RUB,Other,Россия
RU000A10ETT0,RU000A10ETT0,Промсвязьбанк 004P-04,RUB,Financial,Россия
RU000A101T56,RU000A101T56,Росэксимбанк 002P-02,RUB,Financial,Россия
RU000A108Q29,RU000A108Q29,Альфа-Банк ЗО-850,RUB,Financial,Россия
RU000A10EPW2,RU000A10EPW2,Брусника 002Р-07,RUB,RealEstate,Россия
RU000A106XT3,RU000A106XT3,АйДи Коллект 04,RUB,Financial,Россия
RU000A10C6Y8,RU000A10C6Y8,Легенда БО 002Р-05,RUB,Consumer,Россия
RU000A108Z77,RU000A108Z77,Практика ЛК 001Р-03,RUB,Industrials,Россия
RU000A107ET1,RU000A107ET1,Газпром капитал БО-002Р-11,RUB,Energy,Россия
RU000A0ZZ885,RU000A0ZZ885,КАМАЗ БО-09,RUB,Industrials,Россия
RU000A10A398,RU000A10A398,Компания Симпл 001Р-01,RUB,Other,Россия
RU000A107TK8,RU000A107TK8,СОПФ ДОМ.РФ 8,RUB,Financial,Россия
RU000A10D9L8,RU000A10D9L8,Авто Финанс Банк БО-001Р-17,RUB,Financial,Россия
RU000A109221,RU000A109221,Миррико БО-П01,RUB,Materials,Россия
RU000A107720,RU000A107720,МК Лизинг БO-01,RUB,Financial,Россия
RU000A1090H6,RU000A1090H6,Пионер-Лизинг БО6,RUB,Financial,Россия
RU000A102JB9,RU000A102JB9,ДОМ.РФ ИА БО 1P2,RUB,Financial,Россия
RU000A0ZZV86,RU000A0ZZV86,ДОМ.РФ ИА 06-002P,RUB,Financial,Россия
RU000A106FN3,RU000A106FN3,СПМК БО-02,RUB,Consumer,Россия
RU000A1078S8,RU000A1078S8,МТС 002P-02,RUB,Telecom,Россия
RU000A105RF6,RU000A105RF6,Лизинг-Трейд 001P-06,RUB,Financial,Россия
RU000A10DRV2,RU000A10DRV2,Защита онлайн БО-01,RUB,Financial,Россия
RU000A10CMD3,RU000A10CMD3,Ростелеком 001P-19R,RUB,Telecom,Россия
RU000A10BPQ0,RU000A10BPQ0,СОПФ ДОМ.РФ 13,RUB,Financial,Россия
RU000A1068S9,RU000A1068S9,ЛайфСтрим БО-П02,RUB,IT,Россия
RU000A0ZZ4T1,RU000A0ZZ4T1,Россельхозбанк 01Т1,RUB,Financial,Россия
RU000A10DEE6,RU000A10DEE6,Байсэл 001P-04,RUB,Other,Россия
RU000A108Y60,RU000A108Y60,ПЕРВОУРАЛЬСКБАНК 001Р-01,RUB,Financial,Россия
RU000A10AHN6,RU000A10AHN6,Совкомбанк Факторинг 002P-01,RUB,Financial,Россия
XS0114288789,XS0114288789,Russia 2030,RUB,Government,Россия
RU000A1009Z8,RU000A1009Z8,О'КЕЙ БО 001Р-02,RUB,Consumer,Россия
RU000A106R12,RU000A106R12,ЭкономЛизинг 001Р-05,RUB,Financial,Россия
RU000A100VX2,RU000A100VX2,МБЭС 001P-01,RUB,Financial,Россия
RU000A102BK7,RU000A102BK7,О'КЕЙ БО 001Р-04,RUB,Consumer,Россия
RU000A10CT74,RU000A10CT74,ФЕРА 001Р-01,RUB,Other,Россия
RU000A108C17,RU000A108C17,ПИР БО-02-001P,RUB,Industrials,Россия
RU000A107217,RU000A107217,Аренза-Про 001P-03,RUB,Financial,Россия
RU000A10A026,RU000A10A026,Аренза-Про 001P-06,RUB,Financial,Россия
RU000A10ESN5,RU000A10ESN5,Вернём 1Р2,RUB,Financial,Россия
RU000A10E6Q2,RU000A10E6Q2,ИКС 5 Финанс 003P-16,RUB,Consumer,Россия
RU000A10D2Q2,RU000A10D2Q2,Газпром капитал БО-003Р-06,RUB,Energy,Россия
RU000A10AZN8,RU000A10AZN8,Органик Парк БО-П01,RUB,Other,Россия
RU000A103DT2,RU000A103DT2,Артген БО-01,RUB,HealthCare,Россия
RU000A0ZYEB1,RU000A0ZYEB1,ТрансФин-М 001P-04,RUB,Financial,Россия
RU000A107PW1,RU000A107PW1,МФК Быстроденьги 002Р-05,RUB,Financial,Россия
RU000A106P97,RU000A106P97,СОПФ ДОМ.РФ 6,RUB,Financial,Россия
RU000A10B7S9,RU000A10B7S9,ПКО СЗА БО-02,RUB,Financial,
RU000A101RW0,RU000A101RW0,Республика Казахстан 08,RUB,Government,Казахстан
RU000A10CT58,RU000A10CT58,ДОМ.РФ 002P-07,RUB,Financial,Россия
RU000A100Q35,RU000A100Q35,ПР-Лизинг БО 001Р-03,RUB,Other,Россия
RU000A106AU9,RU000A106AU9,Ультра БО-01,RUB,Other,Россия
RU000A1084Q0,RU000A1084Q0,РЖД ЗО26-2-Р,RUB,Industrials,Россия
RU000A1074E7,RU000A1074E7,Руссойл БО-01,RUB,Industrials,Россия
RU000A1003A4,RU000A1003A4,ГТЛК БО 001P-13,RUB,Financial,Россия
RU000A0JXQ44,RU000A0JXQ44,РЖД БО-001P-02R,RUB,Industrials,Россия
RU000A1056T2,RU000A1056T2,Центр-Резерв БО-02,RUB,Consumer,Россия
RU000A103125,RU000A103125,ДОМ.РФ ИА БО 1P7,RUB,Financial,Россия
RU000A107EW5,RU000A107EW5,МФК Джой Мани 001P-01,RUB,Financial,Россия
RU000A10BP38,RU000A10BP38,Республика Саха (Якутия) 34005,RUB,Municipal,Россия
RU000A108FG3,RU000A108FG3,Агро-Фрегат БО-01,RUB,Consumer,Россия
RU000A10B8D9,RU000A10B8D9,ВЭБ.РФ ПБО-002Р-50,RUB,Financial,Россия
RU000A104XE0,RU000A104XE0,Лизинг-Трейд 001P-04,RUB,Financial,Россия
RU000A1089U1,RU000A1089U1,РЖД ЗО28-3-Р,RUB,Industrials,Россия
RU000A10B081,RU000A10B081,ЭкономЛизинг 001Р-08,RUB,Financial,Россия
RU000A107050,RU000A107050,Газпром капитал БО-002Р-09,RUB,Energy,Россия
RU000A101XD8,RU000A101XD8,МаксимаТелеком БО-П01,RUB,Telecom,Россия
RU000A0ZZ984,RU000A0ZZ984,ГТЛК БО 001P-10,RUB,Financial,Россия
RU000A1053H4,RU000A1053H4,Лизинг-Трейд 001P-05,RUB,Financial,Россия
RU000A1097C2,RU000A1097C2,Аренза-Про 001P-05,RUB,Financial,Россия
RU000A108Y11,RU000A108Y11,Домодедово Фьюэл Фасилитис ЗО28,RUB,Industrials,Россия
RU000A105EW9,RU000A105EW9,Сегежа 003P-01R,CNY,Materials,Россия
RU000A10CH37,RU000A10CH37,Денум Солюшнз 001Р-02,RUB,Other,Россия
RU000A10BG05,RU000A10BG05,МегаФон БО-002Р-08,RUB,Telecom,Россия
RU000A108NQ6,RU000A108NQ6,МКБ ЗО-2027,RUB,Financial,Россия
RU000A0ZYU21,RU000A0ZYU21,Альфа-Банк БО-40,RUB,Financial,Россия
RU000A0ZYLK7,RU000A0ZYLK7,Верхнебаканский цементный завод 1P-1R,RUB,Materials,Россия
RU000A1004W6,RU000A1004W6,ДОМ.РФ 001Р-05R,RUB,Financial,Россия
RU000A107C59,RU000A107C59,Совкомбанк СЗО-02,RUB,Financial,Россия
RU000A106JZ9,RU000A106JZ9,Башкирская содовая компания 001Р-03,RUB,Industrials,Россия
RU000A10CHX1,RU000A10CHX1,МГКЛ-G01,RUB,Financial,Россия
RU000A1099P0,RU000A1099P0,МФК Быстроденьги 002Р-07,RUB,Financial,Россия
RU000A103C53,RU000A103C53,РЕСО-Лизинг БО-П-11,RUB,Financial,Россия
RU000A108991,RU000A108991,Сегежа 003P-04R,RUB,Materials,Россия
RU000A0ZYJ91,RU000A0ZYJ91,ФСК Россети БО-04,RUB,Utilities,Россия
RU000A1043E2,RU000A1043E2,Новосибирская область 35022,RUB,Municipal,Россия
RU000A105PH6,RU000A105PH6,ФСК Россети БО 001P-07R,RUB,Utilities,Россия
RU000A10DCM3,RU000A10DCM3,ГК Самолет БО-П21,RUB,RealEstate,Россия
RU000A102D46,RU000A102D46,ДОМ.РФ ИА 18-002P,RUB,Financial,Россия
RU000A107E99,RU000A107E99,Совкомбанк СЗО-04,RUB,Financial,Россия
RU000A107C91,RU000A107C91,МСБ-Лизинг 003P-02,RUB,Financial,Россия
RU000A103QL1,RU000A103QL1,Росагролизинг 001P-03,RUB,Financial,Россия
RU000A107B84,RU000A107B84,Совкомбанк СЗО-01,RUB,Financial,Россия
RU000A10A1P9,RU000A10A1P9,АПРИ БО-002Р-05,RUB,RealEstate,Россия
RU000A107T27,RU000A107T27,Газпром капитал БО-002Р-12,RUB,Energy,Россия
RU000A105H23,RU000A105H23,ДОМ.РФ ИА БО 1P25,RUB,Financial,Россия
RU000A1064L3,RU000A1064L3,ЕАБР 003P-007,RUB,Financial,Казахстан
RU000A1071Q7,RU000A1071Q7,Моторика БO-01,RUB,HealthCare,Россия
RU000A10EV52,RU000A10EV52,ПКО СЗА БО-07,RUB,Financial,Россия
RU000A1008V9,RU000A1008V9,Роснано 08,RUB,Financial,Россия
RU000A103WB0,RU000A103WB0,Славянск ЭКО 001Р-01,RUB,Energy,Россия
RU000A107SX3,RU000A107SX3,ЭкономЛизинг 001Р-07,RUB,Financial,Россия
RU000A10CDX0,RU000A10CDX0,ЭкономЛизинг 002Р-01,RUB,Financial,Россия
RU000A1071U9,RU000A1071U9,Элемент Лизинг БО 001P-06,RUB,Financial,Россия
RU000A1014J2,RU000A1014J2,Банк ВТБ Т2-3,RUB,Financial,Россия
RU000A10ECM1,RU000A10ECM1,Газпром капитал БО-003Р-21,RUB,Energy,Россия
RU000A106YL8,RU000A106YL8,Агротек БО-03,RUB,Consumer,Россия
RU000A1089X5,RU000A1089X5,РЖД ЗО28-1-Р,RUB,Industrials,Россия
RU000A10D5H4,RU000A10D5H4,СинараСекьюр А,RUB,Financial,Россия
RU000A105559,RU000A105559,ФСК Россети БО 001P-06R,RUB,Utilities,Россия
RU000A1039A8,RU000A1039A8,Газпром капитал 001Б-02,RUB,Energy,Россия
RU000A10DYH7,RU000A10DYH7,ГПБ Финанс 001Р-07Р,RUB,Financial,Россия
RU000A10BQD6,RU000A10BQD6,Металлоинвест 001P-14,RUB,Industrials,
RU000A103SC6,RU000A103SC6,Банк ВТБ СУБ-Т1-12,RUB,Financial,Россия
RU000A108LF3,RU000A108LF3,Ростелеком 001P-08R,RUB,Telecom,Россия
RU000A106K35,RU000A106K35,АВТОБАН-Финанс БО-П04,RUB,Financial,Россия
BYM000002469,BYM000002469,Республика Беларусь346 28.02.2030,RUB,Government,Беларусь
RU000A1095W4,RU000A1095W4,Ростелеком 001P-09R,RUB,Telecom,Россия
RU000A1034P7,RU000A1034P7,Банк ВТБ СУБ-Т1-5,RUB,Financial,Россия
RU000A10DXL1,RU000A10DXL1,ДОМ.РФ 002P-08,RUB,Financial,Россия
RU000A0ZZ877,RU000A0ZZ877,КАМАЗ БО-10,RUB,Industrials,Россия
RU000A100VG7,RU000A100VG7,СУЭК-Финанс 001Р-03R,RUB,Industrials,Россия
RU000A103DY2,RU000A103DY2,БЭЛТИ-ГРАНД БО-П04,RUB,Financial,Россия
RU000A105ZC6,RU000A105ZC6,Роснефть 002P-13,CNY,Energy,Россия
RU000A0JWTN2,RU000A0JWTN2,Ростелеком 001P-01R,RUB,Telecom,Россия
RU000A102879,RU000A102879,Банк ВТБ СУБ-Т2-1,RUB,Financial,Россия
RU000A104UV0,RU000A104UV0,ДОМ.РФ ИА БО 1P18,RUB,Financial,Россия
RU000A10BFZ2,RU000A10BFZ2,МегаФон БО-002Р-09,RUB,Telecom,Россия
RU000A103PC2,RU000A103PC2,АВТОБАН-Финанс БО-П03,RUB,Financial,Россия
RU000A101RJ7,RU000A101RJ7,МБЭС 001P-02,RUB,Financial,Россия
RU000A0ZZ1M2,RU000A0ZZ1M2,ПИК СЗ БО-П04,RUB,RealEstate,Россия
RU000A102986,RU000A102986,СУЭК-Финанс 001Р-06R,RUB,Industrials,Россия
RU000A108C58,RU000A108C58,Элемент Лизинг БО 001P-08,RUB,Financial,Россия
RU000A0JXS83,RU000A0JXS83,Ярославская область 2017г.,RUB,Municipal,Россия
RU000A0JSGV0,RU000A0JSGV0,РЖД 32,RUB,Industrials,Россия
RU000A102GD1,RU000A102GD1,ДОМ.РФ ИА БО 1P3,RUB,Financial,Россия
RU000A1006S9,RU000A1006S9,Russia 2035,RUB,Government,Россия
RU000A108F63,RU000A108F63,МФК Быстроденьги 002Р-06,RUB,Financial,Россия
RU000A0ZYWZ2,RU000A0ZYWZ2,Совкомбанк 2В03,RUB,Financial,Россия
RU000A102HC1,RU000A102HC1,Сбербанк 002СУБ-02R,RUB,Financial,Россия
RU000A100GW5,RU000A100GW5,Альфа-Банк С01-01,RUB,Financial,Россия
RU000A105XG2,RU000A105XG2,Банк ДОМ.РФ СУБ-T2-1,RUB,Financial,Россия
RU000A107U65,RU000A107U65,МФК ВЭББАНКИР 05,RUB,Financial,Россия
RU000A103Q24,RU000A103Q24,Сбербанк 002СУБ-03R,RUB,Financial,Россия
